time,press
1507127525.3,1.0
1507127525.52,1.0
1507127546.41,1.0
1507127546.51,1.0
1507127546.67,1.0
1507127547.3,1.0
1507127547.32,1.0
1507127548.16,1.0
1507127548.2,1.0
1507127548.9,1.0
1507127548.96,1.0
1507127558.0,1.0
1507127558.18,1.0
1507127558.36,1.0
1507127558.61,1.0
1507127558.65,1.0
1507127558.69,1.0
1507127558.72,1.0
1507127558.76,1.0
1507127558.79,1.0
1507127558.82,1.0
1507127558.86,1.0
1507127559.2,1.0
1507127559.56,1.0
1507127559.63,1.0
1507127559.89,1.0
1507127559.93,1.0
1507127559.96,1.0
1507127560.0,1.0
1507127560.03,1.0
1507127560.07,1.0
1507127560.11,1.0
1507127560.4,1.0
1507127560.62,1.0
1507127561.13,1.0
1507127561.45,1.0
1507127561.65,1.0
1507127561.76,1.0
1507127562.06,1.0
1507127562.16,1.0
1507127562.52,1.0
1507127563.12,1.0
1507127563.65,1.0
1507127564.22,1.0
1507127564.42,1.0
1507127564.6,1.0
1507127564.82,1.0
1507127565.07,1.0
1507127565.83,1.0
1507127566.08,1.0
1507127567.07,1.0
1507127567.1,1.0
1507127567.25,1.0
1507127567.46,1.0
1507127567.86,1.0
1507127568.11,1.0
1507127568.15,1.0
1507127568.19,1.0
1507127568.22,1.0
1507127568.26,1.0
1507127568.29,1.0
1507127568.33,1.0
1507127568.36,1.0
1507127568.4,1.0
1507127568.43,1.0
1507127568.47,1.0
1507127568.5,1.0
1507127568.54,1.0
1507127568.57,1.0
1507127568.61,1.0
1507127568.65,1.0
1507127568.68,1.0
1507127568.72,1.0
1507127568.75,1.0
1507127568.79,1.0
1507127569.27,1.0
1507127569.42,1.0
1507127569.88,1.0
1507127570.02,1.0
1507127571.2,1.0
1507127571.5,1.0
1507127571.6,1.0
1507127571.83,1.0
1507127572.05,1.0
1507127572.25,1.0
1507127572.43,1.0
1507127572.63,1.0
1507127572.83,1.0
1507127573.0,1.0
1507127573.46,1.0
1507127573.97,1.0
1507127574.02,1.0
1507127574.47,1.0
1507127576.73,1.0
1507127576.96,1.0
1507127577.13,1.0
1507127577.33,1.0
1507127577.72,1.0
1507127578.05,1.0
1507127578.61,1.0
1507127578.95,1.0
1507127579.13,1.0
1507127579.31,1.0
1507127580.01,1.0
1507127580.22,1.0
1507127581.1,1.0
1507127581.18,1.0
1507127581.42,1.0
1507127582.45,1.0
1507127582.7,1.0
1507127583.46,1.0
1507127583.65,1.0
1507127584.1,1.0
1507127584.4,1.0
1507127585.21,1.0
1507127589.22,1.0
1507127589.45,1.0
1507127589.65,1.0
1507127590.05,1.0
1507127590.07,1.0
1507127590.16,1.0
1507127590.35,1.0
1507127590.51,1.0
1507127590.53,1.0
1507127590.66,1.0
1507127591.06,1.0
1507127591.17,1.0
1507127591.71,1.0
1507127592.12,1.0
1507127592.13,1.0
1507127593.08,1.0
1507127593.48,1.0
1507127593.85,1.0
1507127594.47,1.0
1507127594.48,1.0
1507127594.51,1.0
1507127594.88,1.0
1507127595.33,1.0
1507127595.35,1.0
1507127595.41,1.0
1507127595.73,1.0
1507127595.92,1.0
1507127596.55,1.0
1507127596.8,1.0
1507127596.96,1.0
1507127597.17,1.0
1507127597.75,1.0
1507127597.76,1.0
1507127597.83,1.0
1507127598.03,1.0
1507127599.35,1.0
1507127599.58,1.0
1507127599.73,1.0
1507127600.02,1.0
1507127600.62,1.0
1507127600.67,1.0
1507127600.77,1.0
1507127600.88,1.0
1507127601.38,1.0
1507127601.46,1.0
1507127601.92,1.0
1507127602.2,1.0
1507127602.22,1.0
1507127602.53,1.0
1507127602.72,1.0
1507127602.87,1.0
1507127603.41,1.0
1507127603.66,1.0
1507127604.17,1.0
1507127604.46,1.0
1507127605.03,1.0
1507127605.42,1.0
1507127606.32,1.0
1507127607.45,1.0
1507127607.62,1.0
1507127609.76,1.0
1507127630.07,1.0
1507127630.26,1.0
1507127630.46,1.0
1507127630.63,1.0
1507127630.83,1.0
1507127631.3,1.0
1507127631.51,1.0
1507127631.91,1.0
1507127631.95,1.0
1507127632.01,1.0
1507127632.6,1.0
1507127633.02,1.0
1507127633.32,1.0
1507127633.33,1.0
1507127633.45,1.0
1507127633.83,1.0
1507127634.12,1.0
1507127634.15,1.0
1507127634.2,1.0
1507127634.4,1.0
1507127634.51,1.0
1507127634.53,1.0
1507127634.66,1.0
1507127635.11,1.0
1507127635.33,1.0
1507127635.57,1.0
1507127635.86,1.0
1507127635.87,1.0
1507127635.95,1.0
1507127636.96,1.0
1507127637.3,1.0
1507127637.86,1.0
1507127638.23,1.0
1507127638.77,1.0
1507127638.96,1.0
1507127645.18,1.0
1507127645.2,1.0
1507127645.4,1.0
1507127646.37,1.0
1507127647.15,1.0
1507127647.65,1.0
1507127648.68,1.0
1507127649.01,1.0
1507127649.8,1.0
1507127649.97,1.0
1507127650.17,1.0
1507127651.18,1.0
1507127651.5,1.0
1507127652.11,1.0
1507127652.33,1.0
1507127652.55,1.0
1507127652.62,1.0
1507127653.08,1.0
1507127653.38,1.0
1507127653.52,1.0
1507127653.7,1.0
1507127653.78,1.0
1507127654.06,1.0
1507127654.18,1.0
1507127654.31,1.0
1507127654.98,1.0
1507127655.6,1.0
1507127655.78,1.0
1507127655.81,1.0
1507127656.08,1.0
1507127656.36,1.0
1507127656.76,1.0
1507127656.77,1.0
1507127656.82,1.0
1507127657.17,1.0
1507127657.45,1.0
1507127657.46,1.0
1507127657.55,1.0
1507127657.81,1.0
1507127658.0,1.0
1507127660.13,1.0
1507127660.15,1.0
1507127660.37,1.0
1507127660.66,1.0
1507127660.82,1.0
1507127660.85,1.0
1507127661.03,1.0
1507127661.33,1.0
1507127661.5,1.0
1507127670.42,1.0
1507127670.63,1.0
1507127671.76,1.0
1507127672.0,1.0
1507127690.25,1.0
1507127691.11,1.0
1507127691.6,1.0
1507127692.32,1.0
1507127692.5,1.0
1507127692.85,1.0
1507127693.1,1.0
1507127693.67,1.0
1507127694.07,1.0
1507127694.45,1.0
1507127694.63,1.0
1507127694.73,1.0
1507127694.85,1.0
1507127695.28,1.0
1507127695.48,1.0
1507127713.75,1.0
1507127714.02,1.0
1507127801.83,1.0
1507127802.02,1.0
1507127802.18,1.0
1507127802.33,1.0
1507127802.58,1.0
1507127802.93,1.0
1507127803.19,1.0
1507127803.23,1.0
1507127803.26,1.0
1507127803.3,1.0
1507127803.33,1.0
1507127803.37,1.0
1507127803.41,1.0
1507127803.44,1.0
1507127803.48,1.0
1507127803.51,1.0
1507127803.85,1.0
1507127804.02,1.0
1507127804.25,1.0
1507127804.36,1.0
1507127804.45,1.0
1507127804.65,1.0
1507127804.77,1.0
1507127804.97,1.0
1507127805.17,1.0
1507127805.31,1.0
1507127805.56,1.0
1507127844.52,1.0
1507127844.65,1.0
1507127848.63,1.0
1507127848.68,1.0
1507127848.86,1.0
1507127849.43,1.0
1507127849.48,1.0
1507127849.7,1.0
1507127859.07,1.0
1507127859.16,1.0
1507127859.61,1.0
1507127859.62,1.0
1507127859.83,1.0
1507127954.21,1.0
1507127954.52,1.0
1507127955.23,1.0
1507127955.52,1.0
1507127956.36,1.0
1507127956.53,1.0
1507127958.93,1.0
1507127959.16,1.0
1507127968.08,1.0
1507127968.27,1.0
1507127975.7,1.0
1507127975.86,1.0
1507127976.21,1.0
1507127976.42,1.0
1507127976.65,1.0
1507127976.85,1.0
1507127977.2,1.0
1507127978.11,1.0
1507127978.31,1.0
1507127979.31,1.0
1507127979.77,1.0
1507127979.95,1.0
1507127980.13,1.0
1507127981.12,1.0
1507127981.62,1.0
1507127982.67,1.0
1507127982.98,1.0
1507127983.21,1.0
1507127983.37,1.0
1507127984.26,1.0
1507127984.72,1.0
1507127985.43,1.0
1507127985.91,1.0
1507127986.66,1.0
1507127986.67,1.0
1507127986.75,1.0
1507127986.95,1.0
1507127987.18,1.0
1507127987.2,1.0
1507127987.3,1.0
1507127987.51,1.0
1507128020.37,1.0
1507128020.55,1.0
1507128020.75,1.0
1507128020.92,1.0
1507128021.33,1.0
1507128021.35,1.0
1507128021.51,1.0
1507128021.71,1.0
1507128021.93,1.0
1507128022.12,1.0
1507128022.21,1.0
1507128022.4,1.0
1507128022.7,1.0
1507128022.81,1.0
1507128023.01,1.0
1507128023.21,1.0
1507128023.43,1.0
1507128052.65,1.0
1507128052.72,1.0
1507128052.92,1.0
1507128053.05,1.0
1507128053.26,1.0
1507128053.32,1.0
1507128053.43,1.0
1507128053.58,1.0
1507128053.77,1.0
1507128054.58,1.0
1507128054.8,1.0
1507128056.03,1.0
1507128056.2,1.0
1507128056.37,1.0
1507128056.55,1.0
1507128056.85,1.0
1507128057.03,1.0
1507128057.18,1.0
1507128057.57,1.0
1507128057.78,1.0
1507128058.21,1.0
1507128058.4,1.0
1507128058.97,1.0
1507128059.15,1.0
1507128059.31,1.0
1507128059.41,1.0
1507128059.57,1.0
1507128060.32,1.0
1507128060.56,1.0
1507128060.58,1.0
1507128060.67,1.0
1507128061.01,1.0
1507128061.27,1.0
1507128061.32,1.0
1507128061.33,1.0
1507128061.46,1.0
1507128061.65,1.0
1507128061.93,1.0
1507128062.15,1.0
1507128062.86,1.0
1507128063.13,1.0
1507128063.15,1.0
1507128063.68,1.0
1507128063.93,1.0
1507128063.95,1.0
1507128064.16,1.0
1507128064.35,1.0
1507128064.98,1.0
1507128065.2,1.0
1507128065.21,1.0
1507128065.52,1.0
1507128065.75,1.0
1507128065.9,1.0
1507128065.92,1.0
1507128066.03,1.0
1507128066.41,1.0
1507128066.93,1.0
1507128067.06,1.0
1507128067.4,1.0
1507128067.7,1.0
1507128069.05,1.0
1507128069.07,1.0
1507128069.48,1.0
1507128069.66,1.0
1507128069.97,1.0
1507128070.28,1.0
1507128070.56,1.0
1507128070.68,1.0
1507128070.82,1.0
1507128070.92,1.0
1507128071.1,1.0
1507128071.16,1.0
1507128071.6,1.0
1507128071.7,1.0
1507128073.06,1.0
1507128073.07,1.0
1507128073.18,1.0
1507128073.36,1.0
1507128076.88,1.0
1507128077.12,1.0
1507128079.05,1.0
1507128079.15,1.0
1507128079.26,1.0
1507128079.98,1.0
1507128080.25,1.0
1507128082.46,1.0
1507128082.55,1.0
1507128082.73,1.0
1507128082.91,1.0
1507128083.07,1.0
1507128084.03,1.0
1507128084.5,1.0
1507128084.66,1.0
1507128085.25,1.0
1507128085.5,1.0
1507128085.61,1.0
1507128085.72,1.0
1507128085.8,1.0
1507128086.81,1.0
1507128087.01,1.0
1507128087.3,1.0
1507128087.31,1.0
1507128087.61,1.0
1507128087.8,1.0
1507128088.67,1.0
1507128088.87,1.0
1507128090.11,1.0
1507128092.36,1.0
1507128093.2,1.0
1507128093.98,1.0
1507128094.2,1.0
1507128094.35,1.0
1507128094.52,1.0
1507128094.7,1.0
1507128094.86,1.0
1507128095.03,1.0
1507128095.21,1.0
1507128095.4,1.0
1507128095.6,1.0
1507128096.12,1.0
1507128096.35,1.0
1507128097.27,1.0
1507128098.32,1.0
1507128099.53,1.0
1507128100.28,1.0
1507128100.72,1.0
1507128101.86,1.0
1507128102.51,1.0
1507128103.05,1.0
1507128103.45,1.0
1507128103.73,1.0
1507128104.11,1.0
1507128104.36,1.0
1507128104.58,1.0
1507128105.22,1.0
1507128105.41,1.0
1507128105.61,1.0
1507128105.81,1.0
1507128106.01,1.0
1507128106.2,1.0
1507128106.98,1.0
1507128107.41,1.0
1507128107.66,1.0
1507128107.7,1.0
1507128107.73,1.0
1507128107.77,1.0
1507128107.8,1.0
1507128107.84,1.0
1507128107.88,1.0
1507128107.91,1.0
1507128108.22,1.0
1507128111.03,1.0
1507128111.21,1.0
1507128111.38,1.0
1507128111.55,1.0
1507128111.73,1.0
1507128111.91,1.0
1507128112.08,1.0
1507128112.27,1.0
1507128112.68,1.0
1507128112.96,1.0
1507128113.25,1.0
1507128113.78,1.0
1507128114.66,1.0
1507128114.86,1.0
1507128115.02,1.0
1507128115.21,1.0
1507128116.02,1.0
1507128116.68,1.0
1507128117.07,1.0
1507128117.37,1.0
1507128118.06,1.0
1507128129.03,1.0
1507128129.05,1.0
1507128129.11,1.0
1507128129.3,1.0
1507128129.38,1.0
1507128129.4,1.0
1507128129.53,1.0
1507128134.03,1.0
1507128139.75,1.0
1507128139.87,1.0
1507128140.1,1.0
1507128140.15,1.0
1507128140.36,1.0
1507128140.9,1.0
1507128142.71,1.0
1507128143.67,1.0
1507128144.41,1.0
1507128145.17,1.0
1507128145.37,1.0
1507128145.5,1.0
1507128145.66,1.0
1507128145.91,1.0
1507128146.25,1.0
1507128147.22,1.0
1507128147.83,1.0
1507128148.08,1.0
1507128148.22,1.0
1507128148.86,1.0
1507128150.03,1.0
1507128150.92,1.0
1507128151.93,1.0
1507128152.12,1.0
1507128152.37,1.0
1507128153.93,1.0
1507128154.17,1.0
1507128155.38,1.0
1507128155.66,1.0
1507128156.06,1.0
1507128156.66,1.0
1507128156.88,1.0
1507128158.62,1.0
1507128159.07,1.0
1507128159.36,1.0
1507128159.56,1.0
1507128159.97,1.0
1507128161.57,1.0
1507128161.77,1.0
1507128161.96,1.0
1507128162.15,1.0
1507128162.36,1.0
1507128163.6,1.0
1507128163.73,1.0
1507128166.05,1.0
1507128167.43,1.0
1507128169.68,1.0
1507128170.16,1.0
1507128170.41,1.0
1507128170.75,1.0
1507128170.96,1.0
1507128171.2,1.0
1507128172.47,1.0
1507128172.62,1.0
1507128172.8,1.0
1507128173.47,1.0
1507128173.48,1.0
1507128173.58,1.0
1507128173.77,1.0
1507128174.6,1.0
1507128174.61,1.0
1507128178.68,1.0
1507128178.7,1.0
1507128178.82,1.0
1507128179.03,1.0
1507128179.68,1.0
1507128179.9,1.0
1507128179.91,1.0
1507128180.25,1.0
1507128180.42,1.0
1507128180.58,1.0
1507128180.61,1.0
1507128180.72,1.0
1507128180.92,1.0
1507128181.25,1.0
1507128184.25,1.0
1507128184.63,1.0
1507128184.92,1.0
1507128187.26,1.0
1507128187.55,1.0
1507128187.8,1.0
1507128187.84,1.0
1507128187.88,1.0
1507128187.92,1.0
1507128187.95,1.0
1507128187.99,1.0
1507128188.03,1.0
1507128188.06,1.0
1507128188.1,1.0
1507128188.13,1.0
1507128188.17,1.0
1507128188.2,1.0
1507128188.24,1.0
1507128188.28,1.0
1507128188.32,1.0
1507128188.35,1.0
1507128188.38,1.0
1507128188.42,1.0
1507128188.46,1.0
1507128188.49,1.0
1507128188.53,1.0
1507128188.57,1.0
1507128188.6,1.0
1507128188.63,1.0
1507128188.92,1.0
1507128189.67,1.0
1507128189.95,1.0
1507128190.6,1.0
1507128190.8,1.0
1507128190.97,1.0
1507128191.13,1.0
1507128191.3,1.0
1507128191.47,1.0
1507128191.63,1.0
1507128191.81,1.0
1507128191.98,1.0
1507128192.4,1.0
1507128192.6,1.0
1507128192.77,1.0
1507128193.23,1.0
1507128193.55,1.0
1507128193.66,1.0
1507128193.91,1.0
1507128195.07,1.0
1507128195.36,1.0
1507128196.11,1.0
1507128196.55,1.0
1507128196.66,1.0
1507128197.51,1.0
1507128201.0,1.0
1507128201.23,1.0
1507128201.46,1.0
1507128201.56,1.0
1507128201.72,1.0
1507128201.85,1.0
1507128202.33,1.0
1507128202.35,1.0
1507128202.46,1.0
1507128202.63,1.0
1507128202.83,1.0
1507128202.86,1.0
1507128202.97,1.0
1507128203.17,1.0
1507128204.68,1.0
1507128204.94,1.0
1507128204.97,1.0
1507128205.01,1.0
1507128205.05,1.0
1507128205.08,1.0
1507128205.12,1.0
1507128205.16,1.0
1507128205.19,1.0
1507128205.22,1.0
1507128205.26,1.0
1507128205.29,1.0
1507128205.33,1.0
1507128206.15,1.0
1507128206.21,1.0
1507128207.06,1.0
1507128207.22,1.0
1507128207.67,1.0
1507128207.92,1.0
1507128207.96,1.0
1507128208.0,1.0
1507128208.03,1.0
1507128208.07,1.0
1507128208.1,1.0
1507128208.14,1.0
1507128208.18,1.0
1507128208.22,1.0
1507128208.25,1.0
1507128208.28,1.0
1507128208.32,1.0
1507128208.35,1.0
1507128208.39,1.0
1507128208.42,1.0
1507128208.46,1.0
1507128208.72,1.0
1507128209.37,1.0
1507128209.43,1.0
1507128210.37,1.0
1507128210.38,1.0
1507128210.52,1.0
1507128210.75,1.0
1507128210.93,1.0
1507128210.95,1.0
1507128210.98,1.0
1507128211.51,1.0
1507128211.77,1.0
1507128211.8,1.0
1507128211.9,1.0
1507128212.11,1.0
1507128212.43,1.0
1507128213.42,1.0
1507128215.21,1.0
1507128215.71,1.0
1507128216.22,1.0
1507128216.81,1.0
1507128217.01,1.0
1507128217.48,1.0
1507128217.82,1.0
1507128218.0,1.0
1507128218.11,1.0
1507128221.86,1.0
1507128222.23,1.0
1507128222.25,1.0
1507128222.35,1.0
1507128222.57,1.0
1507128222.81,1.0
1507128223.08,1.0
1507128223.27,1.0
1507128223.52,1.0
1507128223.56,1.0
1507128223.59,1.0
1507128223.63,1.0
1507128223.67,1.0
1507128223.7,1.0
1507128223.74,1.0
1507128223.78,1.0
1507128223.81,1.0
1507128223.85,1.0
1507128224.55,1.0
1507128225.73,1.0
1507128225.97,1.0
1507128232.21,1.0
1507128232.46,1.0
1507128232.5,1.0
1507128232.53,1.0
1507128232.56,1.0
1507128232.6,1.0
1507128232.64,1.0
1507128233.46,1.0
1507128233.71,1.0
1507128233.75,1.0
1507128233.78,1.0
1507128233.82,1.0
1507128233.85,1.0
1507128233.89,1.0
1507128233.93,1.0
1507128233.97,1.0
1507128234.0,1.0
1507128234.04,1.0
1507128234.07,1.0
1507128234.11,1.0
1507128234.33,1.0
1507128234.76,1.0
1507128234.78,1.0
1507128234.81,1.0
1507128235.01,1.0
1507128235.42,1.0
1507128237.52,1.0
1507128238.27,1.0
1507128238.5,1.0
1507128239.96,1.0
1507128243.2,1.0
1507128244.18,1.0
1507128244.55,1.0
1507128244.77,1.0
1507128244.93,1.0
1507128245.11,1.0
1507128245.9,1.0
1507128246.21,1.0
1507128249.63,1.0
1507128250.06,1.0
1507128250.31,1.0
1507128250.35,1.0
1507128250.38,1.0
1507128250.42,1.0
1507128250.45,1.0
1507128250.49,1.0
1507128250.53,1.0
1507128250.57,1.0
1507128250.6,1.0
1507128250.64,1.0
1507128250.67,1.0
1507128251.02,1.0
1507128251.22,1.0
1507128251.3,1.0
1507128251.55,1.0
1507128251.59,1.0
1507128251.62,1.0
1507128251.65,1.0
1507128251.69,1.0
1507128251.72,1.0
1507128251.76,1.0
1507128251.8,1.0
1507128251.84,1.0
1507128251.87,1.0
1507128251.9,1.0
1507128251.94,1.0
1507128252.22,1.0
1507128252.46,1.0
1507128253.26,1.0
1507128254.16,1.0
1507128254.36,1.0
1507128254.5,1.0
1507128254.71,1.0
1507128254.9,1.0
1507128255.75,1.0
1507128256.0,1.0
1507128256.68,1.0
1507128258.72,1.0
1507128258.88,1.0
1507128262.51,1.0
1507128263.11,1.0
1507128263.3,1.0
1507128265.17,1.0
1507128266.22,1.0
1507128266.42,1.0
1507128266.62,1.0
1507128266.77,1.0
1507128266.96,1.0
1507128267.11,1.0
1507128267.58,1.0
1507128267.77,1.0
1507128268.0,1.0
1507128268.16,1.0
1507128269.07,1.0
1507128269.33,1.0
1507128269.63,1.0
1507128269.82,1.0
1507128270.45,1.0
1507128270.67,1.0
1507128270.86,1.0
1507128271.06,1.0
1507128271.23,1.0
1507128272.11,1.0
1507128272.43,1.0
1507128272.75,1.0
1507128273.52,1.0
1507128273.95,1.0
1507128274.1,1.0
1507128274.17,1.0
1507128274.43,1.0
1507128274.46,1.0
1507128274.5,1.0
1507128274.53,1.0
1507128274.57,1.0
1507128274.6,1.0
1507128274.64,1.0
1507128274.67,1.0
1507128274.71,1.0
1507128274.74,1.0
1507128274.95,1.0
1507128275.77,1.0
1507128275.98,1.0
1507128276.13,1.0
1507128276.36,1.0
1507128276.95,1.0
1507128277.1,1.0
1507128277.25,1.0
1507128277.4,1.0
1507128277.65,1.0
1507128278.03,1.0
1507128278.86,1.0
1507128279.06,1.0
1507128279.67,1.0
1507128279.9,1.0
1507128280.16,1.0
1507128280.23,1.0
1507128280.43,1.0
1507128280.55,1.0
1507128281.33,1.0
1507128281.52,1.0
1507128286.51,1.0
1507128286.68,1.0
1507128287.73,1.0
1507128288.72,1.0
1507128288.82,1.0
1507128288.97,1.0
1507128289.07,1.0
1507128289.25,1.0
1507128289.31,1.0
1507128290.06,1.0
1507128291.71,1.0
1507128293.17,1.0
1507128293.47,1.0
1507128293.7,1.0
1507128296.36,1.0
1507128296.57,1.0
1507128297.41,1.0
1507128297.75,1.0
1507128297.96,1.0
1507128298.62,1.0
1507128298.63,1.0
1507128298.68,1.0
1507128298.86,1.0
1507128300.53,1.0
1507128302.28,1.0
1507128302.48,1.0
1507128303.52,1.0
1507128303.97,1.0
1507128303.98,1.0
1507128304.05,1.0
1507128304.25,1.0
1507128304.95,1.0
1507128305.43,1.0
1507128305.67,1.0
1507128305.85,1.0
1507128306.02,1.0
1507128306.22,1.0
1507128306.4,1.0
1507128306.62,1.0
1507128307.16,1.0
1507128307.66,1.0
1507128308.37,1.0
1507128308.88,1.0
1507128310.23,1.0
1507128310.75,1.0
1507128310.95,1.0
1507128311.11,1.0
1507128311.28,1.0
1507128311.47,1.0
1507128311.86,1.0
1507128312.72,1.0
1507128312.9,1.0
1507128313.25,1.0
1507128313.87,1.0
1507128314.97,1.0
1507128315.23,1.0
1507128315.42,1.0
1507128315.63,1.0
1507128315.82,1.0
1507128315.98,1.0
1507128317.45,1.0
1507128318.15,1.0
1507128318.48,1.0
1507128319.91,1.0
1507128321.41,1.0
1507128321.42,1.0
1507128321.5,1.0
1507128321.7,1.0
1507128323.4,1.0
1507128323.7,1.0
1507128328.28,1.0
1507128328.75,1.0
1507128328.95,1.0
1507128329.12,1.0
1507128329.28,1.0
1507128329.45,1.0
1507128329.62,1.0
1507128329.8,1.0
1507128329.97,1.0
1507128331.36,1.0
1507128333.05,1.0
1507128333.9,1.0
1507128334.43,1.0
1507128334.65,1.0
1507128334.8,1.0
1507128334.91,1.0
1507128335.08,1.0
1507128335.76,1.0
1507128335.92,1.0
1507128336.35,1.0
1507128336.78,1.0
1507128337.27,1.0
1507128338.96,1.0
1507128339.75,1.0
1507128341.52,1.0
1507128341.66,1.0
1507128343.88,1.0
1507128344.1,1.0
1507128344.28,1.0
1507128344.47,1.0
1507128344.93,1.0
1507128345.15,1.0
1507128345.33,1.0
1507128347.86,1.0
1507128348.7,1.0
1507128348.95,1.0
1507128348.98,1.0
1507128349.02,1.0
1507128349.05,1.0
1507128349.09,1.0
1507128349.12,1.0
1507128349.16,1.0
1507128349.19,1.0
1507128349.23,1.0
1507128349.27,1.0
1507128349.3,1.0
1507128349.34,1.0
1507128349.37,1.0
1507128349.41,1.0
1507128349.44,1.0
1507128349.48,1.0
1507128349.52,1.0
1507128349.55,1.0
1507128349.59,1.0
1507128349.63,1.0
1507128349.67,1.0
1507128349.7,1.0
1507128349.74,1.0
1507128349.77,1.0
1507128349.81,1.0
1507128349.84,1.0
1507128349.88,1.0
1507128353.42,1.0
1507128353.7,1.0
1507128353.95,1.0
1507128353.99,1.0
1507128354.02,1.0
1507128354.06,1.0
1507128358.53,1.0
1507128358.87,1.0
1507128360.25,1.0
1507128360.45,1.0
1507128360.58,1.0
1507128360.73,1.0
1507128360.87,1.0
1507128361.12,1.0
1507128361.26,1.0
1507128361.35,1.0
1507128384.35,1.0
1507128384.92,1.0
1507128385.1,1.0
1507128385.43,1.0
1507128385.76,1.0
1507128386.02,1.0
1507128386.1,1.0
1507128386.26,1.0
1507128386.46,1.0
1507128386.85,1.0
1507128387.05,1.0
1507128387.28,1.0
1507128387.42,1.0
1507128387.53,1.0
1507128388.1,1.0
1507128388.3,1.0
1507128388.93,1.0
1507128390.3,1.0
1507128390.67,1.0
1507128390.85,1.0
1507128391.05,1.0
1507128391.5,1.0
1507128392.08,1.0
1507128392.2,1.0
1507128393.95,1.0
1507128394.82,1.0
1507128395.26,1.0
1507128395.45,1.0
1507128397.36,1.0
1507128397.57,1.0
1507128397.76,1.0
1507128398.03,1.0
1507128398.42,1.0
1507128398.68,1.0
1507128398.71,1.0
1507128398.75,1.0
1507128398.79,1.0
1507128398.82,1.0
1507128398.86,1.0
1507128398.9,1.0
1507128398.93,1.0
1507128398.97,1.0
1507128399.0,1.0
1507128399.73,1.0
1507128400.12,1.0
1507128400.66,1.0
1507128400.91,1.0
1507128400.95,1.0
1507128400.99,1.0
1507128401.02,1.0
1507128401.06,1.0
1507128401.1,1.0
1507128401.14,1.0
1507128401.17,1.0
1507128401.51,1.0
1507128401.7,1.0
1507128401.9,1.0
1507128402.13,1.0
1507128402.32,1.0
1507128402.52,1.0
1507128402.71,1.0
1507128402.91,1.0
1507128403.11,1.0
1507128403.33,1.0
1507128403.92,1.0
1507128404.21,1.0
1507128405.2,1.0
1507128405.37,1.0
1507128405.63,1.0
1507128405.66,1.0
1507128405.69,1.0
1507128405.73,1.0
1507128405.76,1.0
1507128405.8,1.0
1507128405.83,1.0
1507128405.86,1.0
1507128406.27,1.0
1507128407.51,1.0
1507128407.76,1.0
1507128407.8,1.0
1507128407.83,1.0
1507128407.87,1.0
1507128407.9,1.0
1507128407.94,1.0
1507128407.97,1.0
1507128408.0,1.0
1507128408.95,1.0
1507128424.83,1.0
1507128425.05,1.0
1507128425.5,1.0
1507128426.11,1.0
1507128426.26,1.0
1507128426.37,1.0
1507128426.91,1.0
1507128427.12,1.0
1507128427.33,1.0
1507128427.52,1.0
1507128427.72,1.0
1507128427.88,1.0
1507128428.07,1.0
1507128428.26,1.0
1507128428.48,1.0
1507128428.67,1.0
1507128428.93,1.0
1507128428.96,1.0
1507128429.0,1.0
1507128429.04,1.0
1507128429.07,1.0
1507128429.11,1.0
1507128429.6,1.0
1507128430.23,1.0
1507128430.48,1.0
1507128431.13,1.0
1507128431.57,1.0
1507128436.11,1.0
1507128436.31,1.0
1507128436.56,1.0
1507128436.6,1.0
1507128436.64,1.0
1507128436.67,1.0
1507128436.71,1.0
1507128436.75,1.0
1507128436.97,1.0
1507128437.81,1.0
1507128438.0,1.0
1507128438.16,1.0
1507128438.41,1.0
1507128438.45,1.0
1507128438.67,1.0
1507128438.9,1.0
1507128439.06,1.0
1507128439.26,1.0
1507128441.76,1.0
1507128441.95,1.0
1507128442.13,1.0
1507128442.31,1.0
1507128442.48,1.0
1507128442.68,1.0
1507128442.88,1.0
1507128443.07,1.0
1507128443.43,1.0
1507128444.16,1.0
1507128444.35,1.0
1507128444.52,1.0
1507128445.7,1.0
1507128445.73,1.0
1507128446.73,1.0
1507128447.15,1.0
1507128447.35,1.0
1507128454.83,1.0
1507128454.96,1.0
1507128455.15,1.0
1507128455.31,1.0
1507128455.9,1.0
1507128457.98,1.0
1507128458.24,1.0
1507128458.47,1.0
1507128458.88,1.0
1507128459.08,1.0
1507128459.45,1.0
1507128460.13,1.0
1507128460.55,1.0
1507128461.82,1.0
1507128461.97,1.0
1507128462.17,1.0
1507128462.3,1.0
1507128462.43,1.0
1507128462.63,1.0
1507128462.82,1.0
1507128463.55,1.0
1507128463.76,1.0
1507128464.12,1.0
1507128464.48,1.0
1507128465.65,1.0
1507128466.12,1.0
1507128466.17,1.0
1507128466.33,1.0
1507128466.55,1.0
1507128466.73,1.0
1507128467.88,1.0
1507128468.23,1.0
1507128469.38,1.0
1507128469.52,1.0
1507128470.27,1.0
1507128470.81,1.0
1507128471.18,1.0
1507128471.44,1.0
1507128471.47,1.0
1507128471.51,1.0
1507128471.55,1.0
1507128471.58,1.0
1507128471.62,1.0
1507128471.65,1.0
1507128471.93,1.0
1507128472.12,1.0
1507128472.43,1.0
1507128472.72,1.0
1507128472.95,1.0
1507128479.1,1.0
1507128479.11,1.0
1507128479.16,1.0
1507128479.36,1.0
1507128479.92,1.0
1507128485.48,1.0
1507128486.0,1.0
1507128490.42,1.0
1507128490.67,1.0
1507128491.77,1.0
1507128492.13,1.0
1507128492.16,1.0
1507128492.25,1.0
1507128492.45,1.0
1507128493.37,1.0
1507128494.0,1.0
1507128494.11,1.0
1507128494.32,1.0
1507128494.4,1.0
1507128494.57,1.0
1507128501.58,1.0
1507128501.77,1.0
1507128501.97,1.0
1507128502.12,1.0
1507128502.31,1.0
1507128502.66,1.0
1507128503.82,1.0
1507128504.07,1.0
1507128504.95,1.0
1507128505.08,1.0
1507128505.3,1.0
1507128505.52,1.0
1507128505.63,1.0
1507128505.77,1.0
1507128506.13,1.0
1507128506.37,1.0
1507128506.73,1.0
1507128506.88,1.0
1507128507.27,1.0
1507128507.45,1.0
1507128508.22,1.0
1507128508.84,1.0
1507128509.06,1.0
1507128509.22,1.0
1507128509.48,1.0
1507128509.51,1.0
1507128509.55,1.0
1507128509.58,1.0
1507128509.62,1.0
1507128509.65,1.0
1507128509.69,1.0
1507128509.72,1.0
1507128509.76,1.0
1507128509.8,1.0
1507128509.83,1.0
1507128509.87,1.0
1507128509.9,1.0
1507128509.94,1.0
1507128509.97,1.0
1507128510.01,1.0
1507128510.04,1.0
1507128510.08,1.0
1507128510.12,1.0
1507128510.15,1.0
1507128510.95,1.0
1507128511.2,1.0
1507128511.83,1.0
1507128512.16,1.0
1507128512.21,1.0
1507128512.22,1.0
1507128512.43,1.0
1507128512.6,1.0
1507128512.8,1.0
1507128513.0,1.0
1507128513.65,1.0
1507128514.03,1.0
1507128514.57,1.0
1507128514.8,1.0
1507128515.7,1.0
1507128516.01,1.0
1507128516.17,1.0
1507128517.62,1.0
1507128517.87,1.0
1507128517.91,1.0
1507128517.95,1.0
1507128518.17,1.0
1507128518.4,1.0
1507128518.56,1.0
1507128518.76,1.0
1507128518.97,1.0
1507128519.65,1.0
1507128519.67,1.0
1507128519.86,1.0
1507128520.26,1.0
1507128520.78,1.0
1507128520.93,1.0
1507128521.19,1.0
1507128521.23,1.0
1507128521.26,1.0
1507128521.29,1.0
1507128521.33,1.0
1507128521.36,1.0
1507128521.4,1.0
1507128521.44,1.0
1507128521.47,1.0
1507128521.51,1.0
1507128521.54,1.0
1507128521.96,1.0
1507128522.35,1.0
1507128522.75,1.0
1507128522.93,1.0
1507128524.0,1.0
1507128524.43,1.0
1507128525.66,1.0
1507128525.93,1.0
1507128526.63,1.0
1507128526.92,1.0
1507128526.93,1.0
1507128527.0,1.0
1507128527.2,1.0
1507128527.65,1.0
1507128529.1,1.0
1507128529.37,1.0
1507128530.03,1.0
1507128531.07,1.0
1507128531.33,1.0
1507128533.55,1.0
1507128534.1,1.0
1507128534.56,1.0
1507128534.76,1.0
1507128536.13,1.0
1507128536.32,1.0
1507128537.41,1.0
1507128537.75,1.0
1507128538.16,1.0
1507128538.46,1.0
1507128538.61,1.0
1507128538.83,1.0
1507128538.96,1.0
1507128539.1,1.0
1507128539.35,1.0
1507128539.6,1.0
1507128539.95,1.0
1507128540.25,1.0
1507128541.01,1.0
1507128541.12,1.0
1507128541.73,1.0
1507128541.99,1.0
1507128542.02,1.0
1507128542.06,1.0
1507128542.1,1.0
1507128542.13,1.0
1507128542.16,1.0
1507128542.2,1.0
1507128542.23,1.0
1507128542.27,1.0
1507128542.3,1.0
1507128542.34,1.0
1507128542.38,1.0
1507128542.41,1.0
1507128542.44,1.0
1507128542.48,1.0
1507128542.51,1.0
1507128542.55,1.0
1507128542.58,1.0
1507128542.62,1.0
1507128542.66,1.0
1507128542.69,1.0
1507128542.73,1.0
1507128542.98,1.0
1507128543.28,1.0
1507128543.77,1.0
1507128544.36,1.0
1507128544.76,1.0
1507128545.18,1.0
1507128545.45,1.0
1507128549.48,1.0
1507128549.92,1.0
1507128550.86,1.0
1507128551.13,1.0
1507128551.51,1.0
1507128551.73,1.0
1507128551.76,1.0
1507128551.86,1.0
1507128552.03,1.0
1507128552.45,1.0
1507128552.7,1.0
1507128552.74,1.0
1507128552.77,1.0
1507128552.81,1.0
1507128552.84,1.0
1507128552.88,1.0
1507128552.92,1.0
1507128552.95,1.0
1507128552.99,1.0
1507128553.18,1.0
1507128553.45,1.0
1507128553.91,1.0
1507128556.08,1.0
1507128556.25,1.0
1507128561.03,1.0
1507128561.48,1.0
1507128561.78,1.0
1507128561.8,1.0
1507128561.93,1.0
1507128562.57,1.0
1507128562.88,1.0
1507128563.03,1.0
1507128564.36,1.0
1507128564.6,1.0
1507128564.82,1.0
1507128565.0,1.0
1507128565.21,1.0
1507128566.25,1.0
1507128566.5,1.0
1507128566.92,1.0
1507128567.56,1.0
1507128567.65,1.0
1507128572.21,1.0
1507128572.88,1.0
1507128573.21,1.0
1507128573.48,1.0
1507128573.65,1.0
1507128573.82,1.0
1507128574.31,1.0
1507128574.98,1.0
1507128575.21,1.0
1507128575.32,1.0
1507128575.5,1.0
1507128575.81,1.0
1507128576.76,1.0
1507128576.78,1.0
1507128576.9,1.0
1507128577.08,1.0
1507128577.26,1.0
1507128577.37,1.0
1507128577.58,1.0
1507128577.77,1.0
1507128577.87,1.0
1507128578.41,1.0
1507128578.66,1.0
1507128578.7,1.0
1507128578.73,1.0
1507128578.77,1.0
1507128578.8,1.0
1507128579.28,1.0
1507128579.52,1.0
1507128579.78,1.0
1507128580.04,1.0
1507128580.08,1.0
1507128580.11,1.0
1507128580.15,1.0
1507128580.18,1.0
1507128580.22,1.0
1507128580.26,1.0
1507128580.29,1.0
1507128580.33,1.0
1507128580.37,1.0
1507128580.41,1.0
1507128580.44,1.0
1507128580.63,1.0
1507128580.83,1.0
1507128581.09,1.0
1507128581.13,1.0
1507128581.16,1.0
1507128581.19,1.0
1507128581.23,1.0
1507128581.27,1.0
1507128581.3,1.0
1507128581.65,1.0
1507128582.36,1.0
1507128583.26,1.0
1507128583.45,1.0
1507128583.7,1.0
1507128583.9,1.0
1507128584.62,1.0
1507128585.0,1.0
1507128585.95,1.0
1507128586.38,1.0
1507128586.61,1.0
1507128586.77,1.0
1507128586.93,1.0
1507128587.13,1.0
1507128587.6,1.0
1507128587.72,1.0
1507128604.01,1.0
1507128604.23,1.0
1507128604.25,1.0
1507128604.32,1.0
1507128604.55,1.0
1507128604.65,1.0
1507128604.87,1.0
1507128605.03,1.0
1507128605.22,1.0
1507128605.78,1.0
1507128606.12,1.0
1507128606.46,1.0
1507128607.58,1.0
1507128607.72,1.0
1507128609.15,1.0
1507128611.03,1.0
1507128612.37,1.0
1507128612.57,1.0
1507128613.32,1.0
1507128613.72,1.0
1507128613.91,1.0
1507128614.15,1.0
1507128614.36,1.0
1507128615.07,1.0
1507128615.31,1.0
1507128615.8,1.0
1507128615.93,1.0
1507128629.02,1.0
1507128629.32,1.0
1507128630.83,1.0
1507128631.57,1.0
1507128631.7,1.0
1507128631.92,1.0
1507128632.81,1.0
1507128633.18,1.0
1507128633.37,1.0
1507128633.53,1.0
1507128633.71,1.0
1507128633.9,1.0
1507128634.63,1.0
1507128634.83,1.0
1507128635.78,1.0
1507128635.97,1.0
1507128636.23,1.0
1507128636.26,1.0
1507128636.3,1.0
1507128636.34,1.0
1507128636.38,1.0
1507128636.41,1.0
1507128636.45,1.0
1507128636.48,1.0
1507128636.52,1.0
1507128636.56,1.0
1507128636.59,1.0
1507128636.63,1.0
1507128636.66,1.0
1507128640.62,1.0
1507128640.87,1.0
1507128640.91,1.0
1507128640.94,1.0
1507128640.98,1.0
1507128641.02,1.0
1507128641.05,1.0
1507128641.09,1.0
1507128641.12,1.0
1507128641.16,1.0
1507128641.19,1.0
1507128641.23,1.0
1507128641.26,1.0
1507128641.29,1.0
1507128641.33,1.0
1507128642.05,1.0
1507128642.27,1.0
1507128642.48,1.0
1507128642.66,1.0
1507128642.85,1.0
1507128643.05,1.0
1507128643.23,1.0
1507128643.46,1.0
1507128643.63,1.0
1507128644.52,1.0
1507128644.78,1.0
1507128644.92,1.0
1507128645.02,1.0
1507128645.21,1.0
1507128645.38,1.0
1507128645.56,1.0
1507128645.75,1.0
1507128645.92,1.0
1507128646.12,1.0
1507128646.73,1.0
1507128647.58,1.0
1507128647.77,1.0
1507128648.11,1.0
1507128648.67,1.0
1507128649.57,1.0
1507128649.8,1.0
1507128650.52,1.0
1507128650.76,1.0
1507128651.03,1.0
1507128651.23,1.0
1507128652.05,1.0
1507128652.33,1.0
1507128652.52,1.0
1507128652.7,1.0
1507128652.86,1.0
1507128653.03,1.0
1507128653.22,1.0
1507128653.45,1.0
1507128653.78,1.0
1507128654.0,1.0
1507128654.18,1.0
1507128654.35,1.0
1507128654.53,1.0
1507128654.71,1.0
1507128654.93,1.0
1507128655.31,1.0
1507128655.82,1.0
1507128655.96,1.0
1507128656.77,1.0
1507128657.61,1.0
1507128657.78,1.0
1507128657.97,1.0
1507128658.23,1.0
1507128658.3,1.0
1507128658.43,1.0
1507128658.51,1.0
1507128660.48,1.0
1507128660.68,1.0
1507128661.13,1.0
1507128661.61,1.0
1507128661.88,1.0
1507128663.55,1.0
1507128664.11,1.0
1507128664.35,1.0
1507128664.53,1.0
1507128664.6,1.0
1507128665.02,1.0
1507128665.58,1.0
1507128666.0,1.0
1507128666.45,1.0
1507128666.9,1.0
1507128668.48,1.0
1507128669.37,1.0
1507128669.67,1.0
1507128669.86,1.0
1507128669.98,1.0
1507128670.16,1.0
1507128670.47,1.0
1507128670.73,1.0
1507128670.76,1.0
1507128670.8,1.0
1507128670.84,1.0
1507128670.87,1.0
1507128670.91,1.0
1507128670.95,1.0
1507128671.2,1.0
1507128671.62,1.0
1507128671.93,1.0
1507128672.07,1.0
1507128672.2,1.0
1507128672.67,1.0
1507128672.75,1.0
1507128673.02,1.0
1507128673.12,1.0
1507128673.25,1.0
1507128673.37,1.0
1507128673.85,1.0
1507128674.02,1.0
1507128674.43,1.0
1507128676.96,1.0
1507128677.25,1.0
1507128677.5,1.0
1507128677.54,1.0
1507128677.57,1.0
1507128677.61,1.0
1507128677.65,1.0
1507128677.68,1.0
1507128677.72,1.0
1507128677.76,1.0
1507128678.08,1.0
1507128678.37,1.0
1507128678.55,1.0
1507128678.76,1.0
1507128679.13,1.0
1507128680.96,1.0
1507128681.21,1.0
1507128681.38,1.0
1507128681.87,1.0
1507128683.17,1.0
1507128683.72,1.0
1507128683.93,1.0
1507128684.19,1.0
1507128684.22,1.0
1507128684.26,1.0
1507128684.29,1.0
1507128684.33,1.0
1507128684.37,1.0
1507128684.4,1.0
1507128684.44,1.0
1507128684.47,1.0
1507128684.51,1.0
1507128685.13,1.0
1507128685.27,1.0
1507128685.46,1.0
1507128685.62,1.0
1507128685.95,1.0
1507128686.2,1.0
1507128686.41,1.0
1507128686.6,1.0
1507128686.85,1.0
1507128686.88,1.0
1507128686.92,1.0
1507128686.95,1.0
1507128686.99,1.0
1507128687.03,1.0
1507128687.06,1.0
1507128687.11,1.0
1507128687.13,1.0
1507128687.17,1.0
1507128687.21,1.0
1507128687.24,1.0
1507128687.27,1.0
1507128687.31,1.0
1507128687.35,1.0
1507128687.38,1.0
1507128687.42,1.0
1507128687.45,1.0
1507128687.48,1.0
1507128687.52,1.0
1507128687.55,1.0
1507128687.58,1.0
1507128687.62,1.0
1507128687.66,1.0
1507128687.69,1.0
1507128687.73,1.0
1507128687.77,1.0
1507128687.8,1.0
1507128687.84,1.0
1507128687.87,1.0
1507128687.91,1.0
1507128687.95,1.0
1507128688.38,1.0
1507128688.76,1.0
1507128691.02,1.0
1507128692.6,1.0
1507128692.71,1.0
1507128692.92,1.0
1507128693.12,1.0
1507128693.3,1.0
1507128693.48,1.0
1507128693.67,1.0
1507128693.86,1.0
1507128696.1,1.0
1507128696.31,1.0
1507128696.55,1.0
1507128696.73,1.0
1507128697.36,1.0
1507128697.61,1.0
1507128697.65,1.0
1507128697.69,1.0
1507128697.85,1.0
1507128698.07,1.0
1507128698.28,1.0
1507128698.76,1.0
1507128698.96,1.0
1507128699.13,1.0
1507128699.3,1.0
1507128699.63,1.0
1507128699.89,1.0
1507128699.92,1.0
1507128699.96,1.0
1507128699.99,1.0
1507128700.03,1.0
1507128700.06,1.0
1507128700.1,1.0
1507128700.14,1.0
1507128700.17,1.0
1507128700.21,1.0
1507128700.25,1.0
1507128700.28,1.0
1507128700.32,1.0
1507128700.35,1.0
1507128700.39,1.0
1507128700.42,1.0
1507128700.46,1.0
1507128700.72,1.0
1507128700.91,1.0
1507128702.4,1.0
1507128702.58,1.0
1507128702.78,1.0
1507128703.06,1.0
1507128703.61,1.0
1507128706.46,1.0
1507128706.63,1.0
1507128707.73,1.0
1507128707.86,1.0
1507128708.01,1.0
1507128708.15,1.0
1507128708.27,1.0
1507128708.71,1.0
1507128709.67,1.0
1507128709.87,1.0
1507128711.41,1.0
1507128711.6,1.0
1507128712.06,1.0
1507128713.02,1.0
1507128713.25,1.0
1507128713.92,1.0
1507128714.77,1.0
1507128715.61,1.0
1507128715.86,1.0
1507128715.89,1.0
1507128716.25,1.0
1507128716.62,1.0
1507128716.8,1.0
1507128717.08,1.0
1507128717.63,1.0
1507128717.75,1.0
1507128720.3,1.0
1507128720.51,1.0
1507128720.96,1.0
1507128720.97,1.0
1507128721.01,1.0
1507128721.17,1.0
1507128721.48,1.0
1507128721.8,1.0
1507128721.97,1.0
1507128722.08,1.0
1507128722.21,1.0
1507128722.76,1.0
1507128723.08,1.0
1507128723.18,1.0
1507128725.33,1.0
1507128725.58,1.0
1507128725.62,1.0
1507128725.7,1.0
1507128725.88,1.0
1507128726.0,1.0
1507128726.11,1.0
1507128726.33,1.0
1507128726.5,1.0
1507128726.6,1.0
1507128727.43,1.0
1507128727.71,1.0
1507128861.83,1.0
1507128861.92,1.0
1507128862.17,1.0
1507128862.36,1.0
1507128862.46,1.0
1507128862.78,1.0
1507128863.1,1.0
1507128863.16,1.0
1507128864.16,1.0
1507128864.36,1.0
1507128907.98,1.0
1507128908.93,1.0
1507128909.01,1.0
1507128909.22,1.0
1507128909.46,1.0
1507128909.53,1.0
1507128910.16,1.0
1507128910.41,1.0
1507128921.62,1.0
1507128922.16,1.0
1507128922.32,1.0
1507128922.5,1.0
1507128922.66,1.0
1507128922.83,1.0
1507128923.11,1.0
1507128923.28,1.0
1507128923.55,1.0
1507128923.66,1.0
1507128924.15,1.0
1507128924.27,1.0
1507128924.42,1.0
1507128925.25,1.0
1507128925.5,1.0
1507128925.54,1.0
1507128925.57,1.0
1507128925.61,1.0
1507128925.64,1.0
1507128925.68,1.0
1507128925.95,1.0
1507128926.16,1.0
1507128927.02,1.0
1507128927.2,1.0
1507128927.38,1.0
1507128927.57,1.0
1507128928.27,1.0
1507128928.76,1.0
1507128928.98,1.0
1507128929.07,1.0
1507128929.33,1.0
1507128929.36,1.0
1507128929.39,1.0
1507128929.43,1.0
1507128929.47,1.0
1507128929.5,1.0
1507128929.54,1.0
1507128929.57,1.0
1507128929.61,1.0
1507128930.26,1.0
1507128931.27,1.0
1507128931.43,1.0
1507128931.63,1.0
1507128932.07,1.0
1507128932.32,1.0
1507128932.36,1.0
1507128932.4,1.0
1507128932.43,1.0
1507128932.47,1.0
1507128932.51,1.0
1507128932.55,1.0
1507128932.58,1.0
1507128932.92,1.0
1507128933.16,1.0
1507128933.9,1.0
1507128934.12,1.0
1507128934.2,1.0
1507128935.21,1.0
1507128935.32,1.0
1507128935.43,1.0
1507128936.02,1.0
1507128936.23,1.0
1507128936.47,1.0
1507128936.67,1.0
1507128937.01,1.0
1507128937.35,1.0
1507128937.6,1.0
1507128937.64,1.0
1507128937.67,1.0
1507128937.71,1.0
1507128937.74,1.0
1507128937.78,1.0
1507128937.81,1.0
1507128937.85,1.0
1507128937.89,1.0
1507128937.92,1.0
1507128937.96,1.0
1507128937.99,1.0
1507128938.2,1.0
1507128938.4,1.0
1507128938.6,1.0
1507128938.66,1.0
1507128938.91,1.0
1507128938.95,1.0
1507128938.98,1.0
1507128939.02,1.0
1507128939.05,1.0
1507128939.09,1.0
1507128939.12,1.0
1507128939.15,1.0
1507128939.19,1.0
1507128939.22,1.0
1507128939.5,1.0
1507128939.78,1.0
1507128939.97,1.0
1507128940.32,1.0
1507128941.17,1.0
1507128941.33,1.0
1507128941.53,1.0
1507128942.0,1.0
1507128942.16,1.0
1507128942.33,1.0
1507128942.5,1.0
1507128942.67,1.0
1507128942.86,1.0
1507128943.02,1.0
1507128943.21,1.0
1507128943.45,1.0
1507128943.65,1.0
1507128943.91,1.0
1507128944.02,1.0
1507128944.45,1.0
1507128944.55,1.0
1507128944.67,1.0
1507128945.22,1.0
1507128945.38,1.0
1507128945.76,1.0
1507128945.9,1.0
1507128946.01,1.0
1507128946.26,1.0
1507128946.3,1.0
1507128946.34,1.0
1507128946.37,1.0
1507128946.41,1.0
1507128946.44,1.0
1507128946.48,1.0
1507128946.52,1.0
1507128946.91,1.0
1507128948.67,1.0
1507128948.86,1.0
1507128949.06,1.0
1507128949.78,1.0
1507128950.04,1.0
1507128950.08,1.0
1507128950.11,1.0
1507128950.15,1.0
1507128950.19,1.0
1507128950.48,1.0
1507128950.66,1.0
1507128951.2,1.0
1507128951.31,1.0
1507128951.55,1.0
1507128951.63,1.0
1507128951.8,1.0
1507128952.2,1.0
1507128952.42,1.0
1507128952.57,1.0
1507128952.73,1.0
1507128953.61,1.0
1507128953.62,1.0
1507128953.75,1.0
1507128953.95,1.0
1507128954.12,1.0
1507128954.13,1.0
1507128954.26,1.0
1507128954.47,1.0
1507128954.8,1.0
1507128955.01,1.0
1507128955.21,1.0
1507128955.42,1.0
1507128956.15,1.0
1507128956.92,1.0
1507128957.12,1.0
1507128960.18,1.0
1507128960.36,1.0
1507128960.53,1.0
1507128960.72,1.0
1507128961.33,1.0
1507128964.68,1.0
1507128964.86,1.0
1507128965.03,1.0
1507128965.22,1.0
1507128965.42,1.0
1507128967.21,1.0
1507128967.46,1.0
1507128967.5,1.0
1507128967.54,1.0
1507128967.57,1.0
1507128967.61,1.0
1507128967.65,1.0
1507128967.68,1.0
1507128967.72,1.0
1507128967.75,1.0
1507128967.79,1.0
1507128967.82,1.0
1507128967.86,1.0
1507128967.89,1.0
1507128967.93,1.0
1507128967.97,1.0
1507128968.0,1.0
1507128968.04,1.0
1507128968.07,1.0
1507128968.11,1.0
1507128968.15,1.0
1507128968.18,1.0
1507128968.22,1.0
1507128968.25,1.0
1507128968.29,1.0
1507128968.32,1.0
1507128968.36,1.0
1507128968.39,1.0
1507128968.43,1.0
1507128968.47,1.0
1507128968.51,1.0
1507128969.52,1.0
1507128969.78,1.0
1507128969.81,1.0
1507128969.85,1.0
1507128970.47,1.0
1507128970.73,1.0
1507128970.76,1.0
1507128970.8,1.0
1507128970.83,1.0
1507128970.87,1.0
1507128970.9,1.0
1507128970.93,1.0
1507128970.97,1.0
1507128971.0,1.0
1507128971.04,1.0
1507128971.07,1.0
1507128971.11,1.0
1507128971.14,1.0
1507128971.18,1.0
1507128971.22,1.0
1507128971.25,1.0
1507128971.29,1.0
1507128971.32,1.0
1507128971.36,1.0
1507128971.4,1.0
1507128971.44,1.0
1507128971.47,1.0
1507128971.51,1.0
1507128971.54,1.0
1507128971.58,1.0
1507128971.61,1.0
1507128971.65,1.0
1507128971.69,1.0
1507128971.72,1.0
1507128971.76,1.0
1507128971.8,1.0
1507128971.84,1.0
1507128971.87,1.0
1507128971.91,1.0
1507128971.94,1.0
1507128971.98,1.0
1507128972.01,1.0
1507128972.04,1.0
1507128972.08,1.0
1507128972.12,1.0
1507128972.15,1.0
1507128972.19,1.0
1507128972.23,1.0
1507128972.26,1.0
1507128972.3,1.0
1507128972.34,1.0
1507128972.38,1.0
1507128972.41,1.0
1507128972.45,1.0
1507128972.49,1.0
1507128972.52,1.0
1507128972.55,1.0
1507128972.59,1.0
1507128972.62,1.0
1507128972.66,1.0
1507128972.7,1.0
1507128972.73,1.0
1507128972.77,1.0
1507128972.8,1.0
1507128972.84,1.0
1507128972.87,1.0
1507128972.91,1.0
1507128972.95,1.0
1507128972.99,1.0
1507128973.02,1.0
1507128973.06,1.0
1507128973.09,1.0
1507128973.12,1.0
1507128973.16,1.0
1507128973.19,1.0
1507128973.23,1.0
1507128973.27,1.0
1507128973.3,1.0
1507128973.34,1.0
1507128973.37,1.0
1507128973.41,1.0
1507128973.44,1.0
1507128973.48,1.0
1507128973.52,1.0
1507128973.56,1.0
1507128973.59,1.0
1507128973.62,1.0
1507128973.66,1.0
1507128973.7,1.0
1507128973.73,1.0
1507128973.77,1.0
1507128973.81,1.0
1507128973.84,1.0
1507128973.88,1.0
1507128973.91,1.0
1507128973.95,1.0
1507128973.98,1.0
1507128974.02,1.0
1507128974.06,1.0
1507128974.09,1.0
1507128974.12,1.0
1507128974.16,1.0
1507128974.19,1.0
1507128974.23,1.0
1507128974.27,1.0
1507128974.3,1.0
1507128974.34,1.0
1507128974.37,1.0
1507128974.41,1.0
1507128974.44,1.0
1507128975.07,1.0
1507128975.33,1.0
1507128975.37,1.0
1507128975.4,1.0
1507128975.44,1.0
1507128975.47,1.0
1507128975.51,1.0
1507128975.54,1.0
1507128975.58,1.0
1507128975.62,1.0
1507128975.66,1.0
1507128975.69,1.0
1507128975.97,1.0
1507128976.23,1.0
1507128976.26,1.0
1507128976.3,1.0
1507128976.33,1.0
1507128976.36,1.0
1507128976.4,1.0
1507128976.44,1.0
1507128976.47,1.0
1507128976.51,1.0
1507128977.26,1.0
1507128977.67,1.0
1507128977.86,1.0
1507128978.1,1.0
1507128978.98,1.0
1507128979.0,1.0
1507128979.08,1.0
1507128979.26,1.0
1507128979.77,1.0
1507128980.03,1.0
1507128980.06,1.0
1507128980.1,1.0
1507128980.14,1.0
1507128980.17,1.0
1507128980.21,1.0
1507128980.25,1.0
1507128980.29,1.0
1507128980.32,1.0
1507128980.36,1.0
1507128980.4,1.0
1507128980.43,1.0
1507128980.47,1.0
1507128980.51,1.0
1507128980.54,1.0
1507128980.58,1.0
1507128980.62,1.0
1507128980.65,1.0
1507128980.69,1.0
1507128980.72,1.0
1507128980.76,1.0
1507128980.8,1.0
1507128980.83,1.0
1507128980.87,1.0
1507128980.9,1.0
1507128980.93,1.0
1507128980.97,1.0
1507128981.3,1.0
1507128981.55,1.0
1507128981.59,1.0
1507128981.62,1.0
1507128981.66,1.0
1507128981.7,1.0
1507128981.73,1.0
1507128981.77,1.0
1507128981.8,1.0
1507128981.83,1.0
1507128981.87,1.0
1507128981.91,1.0
1507128981.94,1.0
1507128981.97,1.0
1507128982.01,1.0
1507128982.04,1.0
1507128982.08,1.0
1507128982.12,1.0
1507128982.15,1.0
1507128982.19,1.0
1507128982.22,1.0
1507128982.26,1.0
1507128986.12,1.0
1507128986.73,1.0
1507128987.63,1.0
1507128987.65,1.0
1507128987.75,1.0
1507128987.93,1.0
1507128988.61,1.0
1507128988.86,1.0
1507128988.9,1.0
1507128988.93,1.0
1507128988.97,1.0
1507128989.01,1.0
1507128989.04,1.0
1507128989.07,1.0
1507128989.11,1.0
1507128989.15,1.0
1507128989.19,1.0
1507128989.22,1.0
1507128989.58,1.0
1507128990.56,1.0
1507128990.81,1.0
1507128990.85,1.0
1507128990.88,1.0
1507128990.91,1.0
1507128990.95,1.0
1507128990.98,1.0
1507128991.02,1.0
1507128991.06,1.0
1507128991.09,1.0
1507128991.13,1.0
1507128991.63,1.0
1507128991.91,1.0
1507128992.17,1.0
1507128992.2,1.0
1507128992.24,1.0
1507128992.27,1.0
1507128992.31,1.0
1507128992.34,1.0
1507128992.37,1.0
1507128992.41,1.0
1507128992.45,1.0
1507128992.49,1.0
1507128992.52,1.0
1507128992.56,1.0
1507128993.33,1.0
1507128993.59,1.0
1507128993.62,1.0
1507128993.65,1.0
1507128993.69,1.0
1507128993.72,1.0
1507128993.76,1.0
1507128993.8,1.0
1507128993.83,1.0
1507128993.87,1.0
1507128993.91,1.0
1507128993.94,1.0
1507128993.97,1.0
1507128994.21,1.0
1507128994.75,1.0
1507128995.87,1.0
1507128995.88,1.0
1507128996.0,1.0
1507128996.42,1.0
1507128997.01,1.0
1507128997.37,1.0
1507128997.65,1.0
1507128997.67,1.0
1507128997.76,1.0
1507128998.18,1.0
1507128998.38,1.0
1507129002.28,1.0
1507129002.68,1.0
1507129003.22,1.0
1507129004.91,1.0
1507129005.05,1.0
1507129006.5,1.0
1507129008.11,1.0
1507129008.37,1.0
1507129008.46,1.0
1507129008.6,1.0
1507129008.73,1.0
1507129010.31,1.0
1507129010.38,1.0
1507129010.63,1.0
1507129011.17,1.0
1507129012.42,1.0
1507129012.87,1.0
1507129013.11,1.0
1507129013.68,1.0
1507129014.21,1.0
1507129014.36,1.0
1507129014.52,1.0
1507129014.77,1.0
1507129014.98,1.0
1507129015.73,1.0
1507129015.95,1.0
1507129016.16,1.0
1507129016.36,1.0
1507129016.68,1.0
1507129017.75,1.0
1507129017.97,1.0
1507129018.21,1.0
1507129018.58,1.0
1507129018.71,1.0
1507129019.95,1.0
1507129020.16,1.0
1507129020.4,1.0
1507129020.66,1.0
1507129020.85,1.0
1507129021.43,1.0
1507129021.61,1.0
1507129021.72,1.0
1507129021.92,1.0
1507129022.08,1.0
1507129022.32,1.0
1507129023.07,1.0
1507129024.27,1.0
1507129025.25,1.0
1507129025.66,1.0
1507129026.42,1.0
1507129026.79,1.0
1507129027.35,1.0
1507129027.52,1.0
1507129027.68,1.0
1507129028.83,1.0
1507129029.66,1.0
1507129029.93,1.0
1507129030.5,1.0
1507129030.61,1.0
1507129030.78,1.0
1507129033.17,1.0
1507129033.43,1.0
1507129033.46,1.0
1507129033.5,1.0
1507129033.54,1.0
1507129033.57,1.0
1507129033.61,1.0
1507129033.65,1.0
1507129034.03,1.0
1507129034.27,1.0
1507129034.71,1.0
1507129035.11,1.0
1507129035.3,1.0
1507129035.37,1.0
1507129035.56,1.0
1507129035.73,1.0
1507129036.53,1.0
1507129037.0,1.0
1507129037.25,1.0
1507129037.5,1.0
1507129037.62,1.0
1507129038.22,1.0
1507129039.73,1.0
1507129040.06,1.0
1507129040.53,1.0
1507129040.73,1.0
1507129040.92,1.0
1507129041.13,1.0
1507129041.47,1.0
1507129041.48,1.0
1507129041.63,1.0
1507129041.88,1.0
1507129042.36,1.0
1507129043.06,1.0
1507129043.32,1.0
1507129043.58,1.0
1507129043.9,1.0
1507129043.91,1.0
1507129044.0,1.0
1507129044.18,1.0
1507129044.67,1.0
1507129045.71,1.0
1507129046.06,1.0
1507129046.27,1.0
1507129046.43,1.0
1507129047.62,1.0
1507129047.82,1.0
1507129051.65,1.0
1507129051.8,1.0
1507129065.2,1.0
1507129065.4,1.0
1507129065.61,1.0
1507129065.76,1.0
1507129065.93,1.0
1507129066.12,1.0
1507129066.17,1.0
1507129066.32,1.0
1507129066.75,1.0
1507129066.87,1.0
1507129067.13,1.0
1507129067.28,1.0
1507129067.86,1.0
1507129068.07,1.0
1507129090.15,1.0
1507129090.43,1.0
1507129090.46,1.0
1507129090.55,1.0
1507129091.17,1.0
1507129091.32,1.0
1507129092.28,1.0
1507129092.48,1.0
1507129092.67,1.0
1507129093.16,1.0
1507129093.42,1.0
1507129093.43,1.0
1507129093.55,1.0
1507129094.11,1.0
1507129094.96,1.0
1507129095.15,1.0
1507129095.31,1.0
1507129095.47,1.0
1507129095.48,1.0
1507129095.58,1.0
1507129095.8,1.0
1507129095.98,1.0
1507129096.2,1.0
1507129096.38,1.0
1507129096.73,1.0
1507129096.95,1.0
1507129097.88,1.0
1507129098.08,1.0
1507129098.28,1.0
1507129098.46,1.0
1507129098.67,1.0
1507129098.87,1.0
1507129099.01,1.0
1507129099.26,1.0
1507129099.3,1.0
1507129099.33,1.0
1507129099.57,1.0
1507129099.76,1.0
1507129099.98,1.0
1507129100.61,1.0
1507129101.12,1.0
1507129101.32,1.0
1507129101.51,1.0
1507129101.71,1.0
1507129101.9,1.0
1507129104.7,1.0
1507129104.81,1.0
1507129105.05,1.0
1507129105.2,1.0
1507129105.71,1.0
1507129105.9,1.0
1507129106.22,1.0
1507129106.88,1.0
1507129107.0,1.0
1507129107.11,1.0
1507129107.71,1.0
1507129108.36,1.0
1507129108.61,1.0
1507129108.81,1.0
1507129109.07,1.0
1507129109.11,1.0
1507129109.15,1.0
1507129109.18,1.0
1507129109.22,1.0
1507129109.26,1.0
1507129109.29,1.0
1507129109.33,1.0
1507129109.52,1.0
1507129109.72,1.0
1507129111.05,1.0
1507129111.16,1.0
1507129111.25,1.0
1507129111.41,1.0
1507129111.51,1.0
1507129112.11,1.0
1507129113.82,1.0
1507129114.57,1.0
1507129114.65,1.0
1507129114.82,1.0
1507129115.0,1.0
1507129115.16,1.0
1507129115.35,1.0
1507129116.0,1.0
1507129116.15,1.0
1507129117.05,1.0
1507129117.17,1.0
1507129117.32,1.0
1507129117.63,1.0
1507129117.68,1.0
1507129118.37,1.0
1507129118.5,1.0
1507129118.63,1.0
1507129118.82,1.0
1507129119.68,1.0
1507129119.96,1.0
1507129120.16,1.0
1507129120.3,1.0
1507129120.38,1.0
1507129120.55,1.0
1507129120.67,1.0
1507129121.22,1.0
1507129121.46,1.0
1507129122.25,1.0
1507129122.52,1.0
1507129122.63,1.0
1507129122.76,1.0
1507129123.27,1.0
1507129123.28,1.0
1507129123.38,1.0
1507129123.58,1.0
1507129123.78,1.0
1507129125.45,1.0
1507129125.7,1.0
1507129125.74,1.0
1507129125.77,1.0
1507129125.8,1.0
1507129125.84,1.0
1507129125.87,1.0
1507129125.9,1.0
1507129125.94,1.0
1507129126.14,1.0
1507129126.35,1.0
1507129126.53,1.0
1507129126.75,1.0
1507129127.13,1.0
1507129127.32,1.0
1507129127.98,1.0
1507129128.21,1.0
1507129129.07,1.0
1507129129.33,1.0
1507129129.46,1.0
1507129129.71,1.0
1507129129.92,1.0
1507129130.2,1.0
1507129130.36,1.0
1507129130.62,1.0
1507129130.65,1.0
1507129130.68,1.0
1507129130.72,1.0
1507129130.76,1.0
1507129130.79,1.0
1507129130.83,1.0
1507129130.86,1.0
1507129130.9,1.0
1507129131.18,1.0
1507129131.41,1.0
1507129132.08,1.0
1507129132.32,1.0
1507129132.95,1.0
1507129133.11,1.0
1507129133.36,1.0
1507129133.8,1.0
1507129134.05,1.0
1507129134.09,1.0
1507129134.13,1.0
1507129134.17,1.0
1507129134.2,1.0
1507129134.24,1.0
1507129134.27,1.0
1507129134.31,1.0
1507129134.35,1.0
1507129134.38,1.0
1507129134.42,1.0
1507129134.46,1.0
1507129134.49,1.0
1507129134.9,1.0
1507129135.2,1.0
1507129135.42,1.0
1507129136.63,1.0
1507129136.81,1.0
1507129138.02,1.0
1507129138.45,1.0
1507129138.76,1.0
1507129138.87,1.0
1507129139.08,1.0
1507129139.28,1.0
1507129139.47,1.0
1507129141.1,1.0
1507129141.88,1.0
1507129142.32,1.0
1507129144.46,1.0
1507129145.16,1.0
1507129145.28,1.0
1507129145.38,1.0
1507129145.58,1.0
1507129145.77,1.0
1507129145.95,1.0
1507129146.15,1.0
1507129146.31,1.0
1507129146.51,1.0
1507129147.36,1.0
1507129147.5,1.0
1507129147.61,1.0
1507129147.77,1.0
1507129147.91,1.0
1507129148.71,1.0
1507129148.96,1.0
1507129149.16,1.0
1507129149.33,1.0
1507129149.52,1.0
1507129150.12,1.0
1507129150.31,1.0
1507129150.5,1.0
1507129150.68,1.0
1507129150.71,1.0
1507129151.27,1.0
1507129151.47,1.0
1507129151.74,1.0
1507129151.75,1.0
1507129152.01,1.0
1507129152.2,1.0
1507129152.33,1.0
1507129152.93,1.0
1507129153.16,1.0
1507129153.71,1.0
1507129153.72,1.0
1507129153.83,1.0
1507129154.02,1.0
1507129154.32,1.0
1507129154.33,1.0
1507129154.63,1.0
1507129154.96,1.0
1507129154.97,1.0
1507129155.05,1.0
1507129155.42,1.0
1507129155.61,1.0
1507129156.16,1.0
1507129156.31,1.0
1507129156.32,1.0
1507129156.46,1.0
1507129159.95,1.0
1507129160.21,1.0
1507129160.23,1.0
1507129160.3,1.0
1507129160.5,1.0
1507129160.82,1.0
1507129161.07,1.0
1507129161.11,1.0
1507129161.14,1.0
1507129161.17,1.0
1507129161.21,1.0
1507129161.25,1.0
1507129161.29,1.0
1507129161.32,1.0
1507129161.36,1.0
1507129161.39,1.0
1507129161.43,1.0
1507129161.47,1.0
1507129161.51,1.0
1507129161.54,1.0
1507129161.57,1.0
1507129161.61,1.0
1507129161.65,1.0
1507129161.68,1.0
1507129161.72,1.0
1507129161.76,1.0
1507129161.79,1.0
1507129161.83,1.0
1507129161.86,1.0
1507129161.9,1.0
1507129162.13,1.0
1507129162.97,1.0
1507129163.05,1.0
1507129163.18,1.0
1507129163.31,1.0
1507129163.67,1.0
1507129164.49,1.0
1507129164.5,1.0
1507129164.6,1.0
1507129164.78,1.0
1507129165.46,1.0
1507129171.3,1.0
1507129171.55,1.0
1507129171.58,1.0
1507129171.62,1.0
1507129171.65,1.0
1507129171.69,1.0
1507129171.73,1.0
1507129171.77,1.0
1507129171.8,1.0
1507129171.84,1.0
1507129171.88,1.0
1507129171.91,1.0
1507129171.95,1.0
1507129171.98,1.0
1507129172.02,1.0
1507129172.06,1.0
1507129172.09,1.0
1507129172.13,1.0
1507129172.17,1.0
1507129172.2,1.0
1507129173.0,1.0
1507129173.23,1.0
1507129173.49,1.0
1507129173.52,1.0
1507129173.56,1.0
1507129173.6,1.0
1507129173.64,1.0
1507129173.67,1.0
1507129173.71,1.0
1507129173.75,1.0
1507129173.78,1.0
1507129173.81,1.0
1507129173.85,1.0
1507129173.88,1.0
1507129173.92,1.0
1507129173.95,1.0
1507129173.99,1.0
1507129174.02,1.0
1507129174.06,1.0
1507129174.1,1.0
1507129174.28,1.0
1507129174.5,1.0
1507129174.77,1.0
1507129175.36,1.0
1507129176.0,1.0
1507129176.01,1.0
1507129176.1,1.0
1507129176.3,1.0
1507129176.68,1.0
1507129177.67,1.0
1507129177.92,1.0
1507129177.96,1.0
1507129178.0,1.0
1507129178.03,1.0
1507129178.06,1.0
1507129178.1,1.0
1507129178.14,1.0
1507129178.17,1.0
1507129178.21,1.0
1507129178.24,1.0
1507129178.27,1.0
1507129178.31,1.0
1507129178.34,1.0
1507129178.37,1.0
1507129178.41,1.0
1507129178.44,1.0
1507129178.47,1.0
1507129178.51,1.0
1507129178.55,1.0
1507129179.11,1.0
1507129182.93,1.0
1507129183.16,1.0
1507129183.33,1.0
1507129183.51,1.0
1507129183.7,1.0
1507129183.9,1.0
1507129184.48,1.0
1507129184.71,1.0
1507129184.96,1.0
1507129185.0,1.0
1507129185.03,1.0
1507129185.07,1.0
1507129185.11,1.0
1507129185.14,1.0
1507129185.18,1.0
1507129185.21,1.0
1507129185.25,1.0
1507129185.28,1.0
1507129185.32,1.0
1507129185.36,1.0
1507129185.39,1.0
1507129185.43,1.0
1507129185.47,1.0
1507129185.5,1.0
1507129185.54,1.0
1507129185.57,1.0
1507129185.61,1.0
1507129185.64,1.0
1507129185.67,1.0
1507129185.71,1.0
1507129185.74,1.0
1507129185.78,1.0
1507129185.81,1.0
1507129185.85,1.0
1507129185.88,1.0
1507129185.92,1.0
1507129185.95,1.0
1507129185.99,1.0
1507129186.03,1.0
1507129186.06,1.0
1507129186.1,1.0
1507129186.13,1.0
1507129186.17,1.0
1507129186.21,1.0
1507129186.68,1.0
1507129186.91,1.0
1507129190.74,1.0
1507129210.83,1.0
1507129211.19,1.0
1507129211.28,1.0
1507129211.54,1.0
1507129211.57,1.0
1507129211.61,1.0
1507129211.64,1.0
1507129211.68,1.0
1507129211.71,1.0
1507129211.75,1.0
1507129212.03,1.0
1507129212.41,1.0
1507129212.98,1.0
1507129213.0,1.0
1507129213.11,1.0
1507129213.31,1.0
1507129214.32,1.0
1507129214.33,1.0
1507129214.47,1.0
1507129214.66,1.0
1507129215.01,1.0
1507129215.02,1.0
1507129215.13,1.0
1507129215.34,1.0
1507129220.81,1.0
1507129221.92,1.0
1507129222.0,1.0
1507129222.12,1.0
1507129222.7,1.0
1507129223.14,1.0
1507129223.51,1.0
1507129223.73,1.0
1507129224.07,1.0
1507129224.17,1.0
1507129224.4,1.0
1507129224.6,1.0
1507129225.57,1.0
1507129225.68,1.0
1507129226.25,1.0
1507129226.42,1.0
1507129226.6,1.0
1507129226.82,1.0
1507129227.33,1.0
1507129228.62,1.0
1507129228.81,1.0
1507129228.99,1.0
1507129229.0,1.0
1507129229.12,1.0
1507129229.85,1.0
1507129230.75,1.0
1507129230.93,1.0
1507129231.12,1.0
1507129231.28,1.0
1507129231.45,1.0
1507129231.61,1.0
1507129232.14,1.0
1507129232.3,1.0
1507129232.55,1.0
1507129232.69,1.0
1507129232.85,1.0
1507129233.01,1.0
1507129233.25,1.0
1507129233.68,1.0
1507129233.87,1.0
1507129234.06,1.0
1507129234.23,1.0
1507129234.4,1.0
1507129234.57,1.0
1507129234.97,1.0
1507129235.61,1.0
1507129235.81,1.0
1507129235.9,1.0
1507129236.11,1.0
1507129236.37,1.0
1507129237.62,1.0
1507129237.83,1.0
1507129238.06,1.0
1507129239.5,1.0
1507129240.82,1.0
1507129242.05,1.0
1507129242.3,1.0
1507129242.85,1.0
1507129243.03,1.0
1507129243.36,1.0
1507129243.41,1.0
1507129243.6,1.0
1507129243.8,1.0
1507129244.31,1.0
1507129244.82,1.0
1507129245.05,1.0
1507129245.3,1.0
1507129245.78,1.0
1507129246.04,1.0
1507129246.07,1.0
1507129246.1,1.0
1507129246.14,1.0
1507129246.17,1.0
1507129246.21,1.0
1507129246.54,1.0
1507129246.68,1.0
1507129246.78,1.0
1507129247.13,1.0
1507129247.4,1.0
1507129247.45,1.0
1507129247.66,1.0
1507129247.85,1.0
1507129248.01,1.0
1507129248.18,1.0
1507129249.05,1.0
1507129249.2,1.0
1507129249.31,1.0
1507129249.46,1.0
1507129249.6,1.0
1507129250.13,1.0
1507129250.15,1.0
1507129250.23,1.0
1507129250.43,1.0
1507129250.75,1.0
1507129251.0,1.0
1507129251.03,1.0
1507129251.07,1.0
1507129251.1,1.0
1507129251.14,1.0
1507129251.18,1.0
1507129251.21,1.0
1507129251.25,1.0
1507129251.28,1.0
1507129251.32,1.0
1507129251.35,1.0
1507129251.39,1.0
1507129251.43,1.0
1507129251.46,1.0
1507129251.5,1.0
1507129251.54,1.0
1507129251.72,1.0
1507129252.26,1.0
1507129252.41,1.0
1507129252.61,1.0
1507129252.72,1.0
1507129253.41,1.0
1507129253.7,1.0
1507129253.7,1.0
1507129253.89,1.0
1507129254.07,1.0
1507129255.4,1.0
1507129255.61,1.0
1507129255.85,1.0
1507129259.4,1.0
1507129259.64,1.0
1507129259.81,1.0
1507129260.13,1.0
1507129260.31,1.0
1507129260.51,1.0
1507129261.17,1.0
1507129261.3,1.0
1507129261.35,1.0
1507129261.89,1.0
1507129262.06,1.0
1507129262.25,1.0
1507129262.37,1.0
1507129262.51,1.0
1507129262.67,1.0
1507129262.76,1.0
1507129263.26,1.0
1507129263.41,1.0
1507129263.5,1.0
1507129263.62,1.0
1507129263.82,1.0
1507129264.0,1.0
1507129265.06,1.0
1507129265.56,1.0
1507129265.65,1.0
1507129265.87,1.0
1507129266.56,1.0
1507129266.92,1.0
1507129267.51,1.0
1507129267.71,1.0
1507129269.75,1.0
1507129269.91,1.0
1507129270.01,1.0
1507129270.19,1.0
1507129270.27,1.0
1507129270.96,1.0
1507129275.61,1.0
1507129275.67,1.0
1507129275.91,1.0
1507129281.3,1.0
1507129281.5,1.0
1507129281.65,1.0
1507129282.1,1.0
1507129282.61,1.0
1507129282.78,1.0
1507129282.97,1.0
1507129283.17,1.0
1507129283.75,1.0
1507129284.27,1.0
1507129284.46,1.0
1507129284.65,1.0
1507129285.46,1.0
1507129285.76,1.0
1507129285.9,1.0
1507129286.1,1.0
1507129286.9,1.0
1507129287.15,1.0
1507129287.42,1.0
1507129287.43,1.0
1507129287.71,1.0
1507129287.9,1.0
1507129288.51,1.0
1507129288.74,1.0
1507129305.07,1.0
1507129305.33,1.0
1507129305.59,1.0
1507129305.62,1.0
1507129305.66,1.0
1507129305.7,1.0
1507129305.73,1.0
1507129305.77,1.0
1507129305.8,1.0
1507129305.83,1.0
1507129306.1,1.0
1507129306.3,1.0
1507129306.48,1.0
1507129306.68,1.0
1507129306.86,1.0
1507129317.21,1.0
1507129317.63,1.0
1507129317.8,1.0
1507129317.97,1.0
1507129318.28,1.0
1507129318.32,1.0
1507129318.75,1.0
1507129319.25,1.0
1507129319.46,1.0
1507129319.66,1.0
1507129319.85,1.0
1507129320.01,1.0
1507129320.19,1.0
1507129320.37,1.0
1507129320.56,1.0
1507129320.75,1.0
1507129320.97,1.0
1507129321.17,1.0
1507129321.91,1.0
1507129322.27,1.0
1507129322.51,1.0
1507129323.11,1.0
1507129324.26,1.0
1507129324.52,1.0
1507129324.95,1.0
1507129325.29,1.0
1507129325.96,1.0
1507129326.93,1.0
1507129327.34,1.0
1507129327.56,1.0
1507129327.68,1.0
1507129328.31,1.0
1507129328.62,1.0
1507129328.64,1.0
1507129328.74,1.0
1507129328.96,1.0
1507129329.27,1.0
1507129329.3,1.0
1507129331.05,1.0
1507129331.48,1.0
1507129332.0,1.0
1507129332.18,1.0
1507129332.71,1.0
1507129333.35,1.0
1507129333.65,1.0
1507129334.7,1.0
1507129335.29,1.0
1507129335.52,1.0
1507129335.99,1.0
1507129336.5,1.0
1507129336.66,1.0
1507129336.81,1.0
1507129339.2,1.0
1507129339.34,1.0
1507129339.76,1.0
1507129339.85,1.0
1507129341.69,1.0
1507129341.7,1.0
1507129341.78,1.0
1507129341.99,1.0
1507129342.62,1.0
1507129342.86,1.0
1507129343.02,1.0
1507129343.08,1.0
1507129343.55,1.0
1507129343.56,1.0
1507129343.67,1.0
1507129345.52,1.0
1507129345.64,1.0
1507129345.79,1.0
1507129346.65,1.0
1507129346.85,1.0
1507129347.04,1.0
1507129347.72,1.0
1507129347.89,1.0
1507129348.05,1.0
1507129348.27,1.0
1507129348.92,1.0
1507129349.15,1.0
1507129356.36,1.0
1507129356.46,1.0
1507129356.71,1.0
1507129357.09,1.0
1507129357.37,1.0
1507129357.46,1.0
1507129357.62,1.0
1507129357.81,1.0
1507129358.35,1.0
1507129358.57,1.0
1507129358.77,1.0
1507129359.11,1.0
1507129359.22,1.0
1507129359.35,1.0
1507129359.97,1.0
1507129360.12,1.0
1507129360.14,1.0
1507129360.25,1.0
1507129360.46,1.0
1507129360.63,1.0
1507129361.3,1.0
1507129361.51,1.0
1507129361.66,1.0
1507129361.71,1.0
1507129361.89,1.0
1507129361.97,1.0
1507129362.56,1.0
1507129362.76,1.0
1507129362.94,1.0
1507129363.22,1.0
1507129363.63,1.0
1507129363.83,1.0
1507129364.02,1.0
1507129364.21,1.0
1507129364.54,1.0
1507129364.62,1.0
1507129364.82,1.0
1507129365.01,1.0
1507129365.9,1.0
1507129367.81,1.0
1507129368.11,1.0
1507129368.37,1.0
1507129368.56,1.0
1507129368.92,1.0
1507129369.07,1.0
1507129369.12,1.0
1507129369.31,1.0
1507129370.27,1.0
1507129371.17,1.0
1507129371.75,1.0
1507129372.5,1.0
1507129372.99,1.0
1507129373.0,1.0
1507129373.1,1.0
1507129373.29,1.0
1507129374.12,1.0
1507129374.86,1.0
1507129375.02,1.0
1507129375.28,1.0
1507129375.31,1.0
1507129375.35,1.0
1507129375.39,1.0
1507129375.43,1.0
1507129375.46,1.0
1507129375.5,1.0
1507129375.54,1.0
1507129375.57,1.0
1507129375.61,1.0
1507129375.64,1.0
1507129375.68,1.0
1507129375.72,1.0
1507129375.75,1.0
1507129375.79,1.0
1507129375.82,1.0
1507129375.86,1.0
1507129375.89,1.0
1507129375.93,1.0
1507129375.97,1.0
1507129376.0,1.0
1507129376.04,1.0
1507129376.07,1.0
1507129376.11,1.0
1507129376.14,1.0
1507129376.44,1.0
1507129376.64,1.0
1507129376.82,1.0
1507129377.01,1.0
1507129377.6,1.0
1507129377.82,1.0
1507129380.73,1.0
1507129380.89,1.0
1507129380.9,1.0
1507129381.01,1.0
1507129381.2,1.0
1507129381.61,1.0
1507129382.02,1.0
1507129382.52,1.0
1507129382.74,1.0
1507129383.34,1.0
1507129383.64,1.0
1507129385.55,1.0
1507129385.74,1.0
1507129386.14,1.0
1507129386.36,1.0
1507129386.37,1.0
1507129387.23,1.0
1507129387.7,1.0
1507129387.95,1.0
1507129388.07,1.0
1507129388.3,1.0
1507129388.47,1.0
1507129388.48,1.0
1507129388.58,1.0
1507129388.77,1.0
1507129388.92,1.0
1507129388.94,1.0
1507129389.0,1.0
1507129389.37,1.0
1507129389.6,1.0
1507129389.97,1.0
1507129389.99,1.0
1507129390.1,1.0
1507129390.27,1.0
1507129390.36,1.0
1507129390.51,1.0
1507129390.69,1.0
1507129390.88,1.0
1507129391.85,1.0
1507129392.82,1.0
1507129393.12,1.0
1507129393.32,1.0
1507129393.54,1.0
1507129395.54,1.0
1507129396.36,1.0
1507129396.41,1.0
1507129396.62,1.0
1507129396.85,1.0
1507129396.98,1.0
1507129397.24,1.0
1507129397.27,1.0
1507129397.31,1.0
1507129397.34,1.0
1507129397.38,1.0
1507129397.41,1.0
1507129397.45,1.0
1507129397.48,1.0
1507129397.52,1.0
1507129397.55,1.0
1507129397.59,1.0
1507129397.63,1.0
1507129397.66,1.0
1507129397.7,1.0
1507129397.74,1.0
1507129397.92,1.0
1507129398.12,1.0
1507129398.32,1.0
1507129398.72,1.0
1507129399.45,1.0
1507129400.02,1.0
1507129400.21,1.0
1507129400.7,1.0
1507129400.94,1.0
1507129401.5,1.0
1507129401.67,1.0
1507129401.86,1.0
1507129402.27,1.0
1507129402.51,1.0
1507129403.02,1.0
1507129403.22,1.0
1507129403.41,1.0
1507129403.8,1.0
1507129403.84,1.0
1507129404.05,1.0
1507129404.22,1.0
1507129404.47,1.0
1507129404.84,1.0
1507129405.41,1.0
1507129405.57,1.0
1507129406.39,1.0
1507129406.66,1.0
1507129406.86,1.0
1507129409.11,1.0
1507129409.32,1.0
1507129409.51,1.0
1507129409.69,1.0
1507129410.41,1.0
1507129410.65,1.0
1507129410.97,1.0
1507129411.0,1.0
1507129411.02,1.0
1507129411.21,1.0
1507129411.56,1.0
1507129411.87,1.0
1507129412.07,1.0
1507129412.22,1.0
1507129412.35,1.0
1507129412.55,1.0
1507129412.57,1.0
1507129413.15,1.0
1507129413.37,1.0
1507129414.1,1.0
1507129414.57,1.0
1507129414.96,1.0
1507129415.67,1.0
1507129415.88,1.0
1507129417.31,1.0
1507129417.5,1.0
1507129419.31,1.0
1507129419.6,1.0
1507129419.61,1.0
1507129419.67,1.0
1507129419.86,1.0
1507129420.1,1.0
1507129420.31,1.0
1507129420.54,1.0
1507129421.06,1.0
1507129421.44,1.0
1507129421.56,1.0
1507129421.92,1.0
1507129422.29,1.0
1507129422.63,1.0
1507129422.8,1.0
1507129423.86,1.0
1507129423.96,1.0
1507129425.28,1.0
1507129425.8,1.0
1507129425.94,1.0
1507129426.07,1.0
1507129443.65,1.0
1507129443.84,1.0
1507129444.34,1.0
1507129446.37,1.0
1507129446.57,1.0
1507129446.76,1.0
1507129446.97,1.0
1507129448.19,1.0
1507129453.41,1.0
1507129453.89,1.0
1507129454.52,1.0
1507129454.55,1.0
1507129454.6,1.0
1507129454.79,1.0
1507129455.25,1.0
1507129455.26,1.0
1507129455.34,1.0
1507129455.52,1.0
1507129456.6,1.0
1507129456.61,1.0
1507129458.81,1.0
1507129459.32,1.0
1507129459.58,1.0
1507129459.62,1.0
1507129459.65,1.0
1507129459.69,1.0
1507129459.72,1.0
1507129459.76,1.0
1507129459.79,1.0
1507129459.83,1.0
1507129459.87,1.0
1507129459.9,1.0
1507129459.93,1.0
1507129459.97,1.0
1507129460.01,1.0
1507129460.05,1.0
1507129460.08,1.0
1507129460.12,1.0
1507129460.15,1.0
1507129460.18,1.0
1507129460.22,1.0
1507129460.26,1.0
1507129460.29,1.0
1507129460.33,1.0
1507129460.37,1.0
1507129460.4,1.0
1507129460.44,1.0
1507129460.77,1.0
1507129461.32,1.0
1507129461.57,1.0
1507129464.09,1.0
1507129464.1,1.0
1507129464.34,1.0
1507129464.75,1.0
1507129465.06,1.0
1507129465.8,1.0
1507129465.81,1.0
1507129465.95,1.0
1507129466.14,1.0
1507129467.01,1.0
1507129467.02,1.0
1507129467.12,1.0
1507129467.34,1.0
1507129467.54,1.0
1507129467.79,1.0
1507129467.82,1.0
1507129467.86,1.0
1507129467.9,1.0
1507129467.93,1.0
1507129467.97,1.0
1507129468.01,1.0
1507129468.04,1.0
1507129468.07,1.0
1507129468.11,1.0
1507129468.14,1.0
1507129468.18,1.0
1507129468.21,1.0
1507129468.24,1.0
1507129468.28,1.0
1507129468.32,1.0
1507129468.35,1.0
1507129468.39,1.0
1507129468.42,1.0
1507129468.46,1.0
1507129468.5,1.0
1507129468.53,1.0
1507129468.57,1.0
1507129468.77,1.0
1507129468.97,1.0
1507129469.16,1.0
1507129469.86,1.0
1507129470.04,1.0
1507129470.29,1.0
1507129471.07,1.0
1507129472.12,1.0
1507129472.34,1.0
1507129483.09,1.0
1507129483.31,1.0
1507129500.05,1.0
1507129500.2,1.0
1507129501.51,1.0
1507129501.74,1.0
1507129534.47,1.0
1507129534.97,1.0
1507129535.24,1.0
1507129535.75,1.0
1507129535.89,1.0
1507129535.99,1.0
1507129536.52,1.0
1507129536.71,1.0
1507129536.89,1.0
1507129537.06,1.0
1507129537.21,1.0
1507129537.5,1.0
1507129537.66,1.0
1507129537.89,1.0
1507129538.04,1.0
1507129538.32,1.0
1507129538.61,1.0
1507129538.79,1.0
1507129538.94,1.0
1507129539.09,1.0
1507129539.19,1.0
1507129539.47,1.0
1507129539.99,1.0
1507129541.14,1.0
1507129541.25,1.0
1507129541.41,1.0
1507129541.54,1.0
1507129541.65,1.0
1507129541.77,1.0
1507129542.24,1.0
1507129542.26,1.0
1507129542.3,1.0
1507129542.49,1.0
1507129543.06,1.0
1507129543.16,1.0
1507129543.34,1.0
1507129544.9,1.0
1507129545.09,1.0
1507129561.68,1.0
1507129561.95,1.0
1507129563.56,1.0
1507129564.15,1.0
1507129564.26,1.0
1507129565.25,1.0
1507129566.51,1.0
1507129566.62,1.0
1507129566.88,1.0
1507129566.92,1.0
1507129566.95,1.0
1507129566.99,1.0
1507129567.02,1.0
1507129567.06,1.0
1507129567.09,1.0
1507129567.13,1.0
1507129567.16,1.0
1507129567.2,1.0
1507129567.23,1.0
1507129567.61,1.0
1507129567.99,1.0
1507129568.22,1.0
1507129568.25,1.0
1507129568.44,1.0
1507129568.65,1.0
1507129568.85,1.0
1507129569.37,1.0
1507129569.56,1.0
1507129570.1,1.0
1507129570.31,1.0
1507129570.74,1.0
1507129570.86,1.0
1507129571.06,1.0
1507129571.25,1.0
1507129571.55,1.0
1507129571.71,1.0
1507129571.79,1.0
1507129571.97,1.0
1507129572.16,1.0
1507129572.35,1.0
1507129572.54,1.0
1507129572.94,1.0
1507129573.36,1.0
1507129575.16,1.0
1507129575.36,1.0
1507129578.52,1.0
1507129578.71,1.0
1507129616.4,1.0
1507129616.64,1.0
1507129617.52,1.0
1507129617.7,1.0
1507129619.43,1.0
1507129619.69,1.0
1507129635.31,1.0
1507129635.82,1.0
1507129636.08,1.0
1507129636.11,1.0
1507129636.15,1.0
1507129636.18,1.0
1507129636.22,1.0
1507129636.25,1.0
1507129636.29,1.0
1507129636.33,1.0
1507129636.36,1.0
1507129636.4,1.0
1507129636.43,1.0
1507129636.47,1.0
1507129636.51,1.0
1507129636.54,1.0
1507129636.58,1.0
1507129636.62,1.0
1507129636.65,1.0
1507129636.68,1.0
1507129636.72,1.0
1507129636.75,1.0
1507129636.78,1.0
1507129636.82,1.0
1507129636.85,1.0
1507129636.89,1.0
1507129637.66,1.0
1507129637.95,1.0
1507129638.59,1.0
1507129638.8,1.0
1507129638.97,1.0
1507129639.01,1.0
1507129639.07,1.0
1507129639.27,1.0
1507129639.65,1.0
1507129640.11,1.0
1507129640.37,1.0
1507129641.85,1.0
1507129642.05,1.0
1507129643.57,1.0
1507129643.75,1.0
1507129721.82,1.0
1507129722.26,1.0
1507129722.72,1.0
1507129722.95,1.0
1507129723.75,1.0
1507129724.64,1.0
1507129724.75,1.0
1507129725.52,1.0
1507129725.75,1.0
1507129726.46,1.0
1507129727.0,1.0
1507129727.46,1.0
1507129727.66,1.0
1507129727.67,1.0
1507129728.22,1.0
1507129728.34,1.0
1507129728.59,1.0
1507129728.62,1.0
1507129728.66,1.0
1507129728.69,1.0
1507129728.73,1.0
1507129728.77,1.0
1507129728.8,1.0
1507129728.83,1.0
1507129728.87,1.0
1507129728.9,1.0
1507129728.93,1.0
1507129728.97,1.0
1507129729.0,1.0
1507129729.04,1.0
1507129729.08,1.0
1507129729.11,1.0
1507129729.15,1.0
1507129729.18,1.0
1507129729.21,1.0
1507129729.25,1.0
1507129729.28,1.0
1507129729.32,1.0
1507129729.35,1.0
1507129729.39,1.0
1507129729.42,1.0
1507129729.46,1.0
1507129729.49,1.0
1507129729.53,1.0
1507129729.56,1.0
1507129729.59,1.0
1507129729.63,1.0
1507129729.66,1.0
1507129729.7,1.0
1507129729.74,1.0
1507129729.77,1.0
1507129729.81,1.0
1507129729.84,1.0
1507129729.87,1.0
1507129729.91,1.0
1507129729.94,1.0
1507129729.98,1.0
1507129730.01,1.0
1507129730.22,1.0
1507129730.45,1.0
1507129730.87,1.0
1507129731.89,1.0
1507129732.5,1.0
1507129732.51,1.0
1507129732.64,1.0
1507129733.1,1.0
1507129733.57,1.0
1507129733.59,1.0
1507129733.7,1.0
1507129733.91,1.0
1507129734.15,1.0
1507129734.4,1.0
1507129734.44,1.0
1507129734.47,1.0
1507129734.51,1.0
1507129734.54,1.0
1507129734.58,1.0
1507129734.61,1.0
1507129734.65,1.0
1507129734.69,1.0
1507129734.72,1.0
1507129734.75,1.0
1507129734.79,1.0
1507129734.82,1.0
1507129734.86,1.0
1507129734.9,1.0
1507129734.93,1.0
1507129734.97,1.0
1507129735.01,1.0
1507129735.04,1.0
1507129735.08,1.0
1507129735.12,1.0
1507129735.15,1.0
1507129735.19,1.0
1507129735.22,1.0
1507129735.26,1.0
1507129735.29,1.0
1507129735.33,1.0
1507129735.36,1.0
1507129735.39,1.0
1507129735.43,1.0
1507129735.47,1.0
1507129735.5,1.0
1507129735.54,1.0
1507129735.57,1.0
1507129735.61,1.0
1507129735.65,1.0
1507129735.68,1.0
1507129735.72,1.0
1507129735.75,1.0
1507129735.78,1.0
1507129736.0,1.0
1507129736.21,1.0
1507129736.39,1.0
1507129739.47,1.0
1507129739.99,1.0
1507129740.0,1.0
1507129740.12,1.0
1507129740.32,1.0
1507129740.56,1.0
1507129741.59,1.0
1507129741.95,1.0
1507129742.56,1.0
1507129742.81,1.0
1507129742.85,1.0
1507129742.88,1.0
1507129742.92,1.0
1507129742.95,1.0
1507129742.99,1.0
1507129743.03,1.0
1507129743.06,1.0
1507129743.1,1.0
1507129743.13,1.0
1507129743.17,1.0
1507129743.2,1.0
1507129743.24,1.0
1507129743.27,1.0
1507129743.31,1.0
1507129743.35,1.0
1507129743.38,1.0
1507129743.42,1.0
1507129743.45,1.0
1507129743.48,1.0
1507129743.52,1.0
1507129743.55,1.0
1507129743.59,1.0
1507129743.62,1.0
1507129744.01,1.0
1507129744.02,1.0
1507129744.06,1.0
1507129744.81,1.0
1507129745.1,1.0
1507129745.3,1.0
1507129745.55,1.0
1507129745.59,1.0
1507129745.62,1.0
1507129745.66,1.0
1507129745.7,1.0
1507129745.73,1.0
1507129745.77,1.0
1507129745.81,1.0
1507129745.85,1.0
1507129745.88,1.0
1507129745.92,1.0
1507129745.95,1.0
1507129745.99,1.0
1507129746.03,1.0
1507129746.06,1.0
1507129746.09,1.0
1507129746.13,1.0
1507129746.17,1.0
1507129746.2,1.0
1507129746.24,1.0
1507129746.28,1.0
1507129746.31,1.0
1507129746.34,1.0
1507129746.56,1.0
1507129747.2,1.0
1507129747.49,1.0
1507129747.77,1.0
1507129748.03,1.0
1507129748.07,1.0
1507129748.1,1.0
1507129748.14,1.0
1507129748.17,1.0
1507129748.2,1.0
1507129748.24,1.0
1507129748.28,1.0
1507129748.31,1.0
1507129748.35,1.0
1507129748.39,1.0
1507129748.42,1.0
1507129748.46,1.0
1507129748.5,1.0
1507129748.53,1.0
1507129748.57,1.0
1507129748.92,1.0
1507129749.15,1.0
1507129749.29,1.0
1507129749.46,1.0
1507129749.64,1.0
1507129749.82,1.0
1507129750.55,1.0
1507129750.62,1.0
1507129750.77,1.0
1507129750.95,1.0
1507129753.49,1.0
1507129753.62,1.0
1507129755.11,1.0
1507129755.27,1.0
1507129764.85,1.0
1507129764.86,1.0
1507129764.95,1.0
1507129765.14,1.0
1507129765.31,1.0
1507129765.32,1.0
1507129765.49,1.0
1507129765.69,1.0
1507129766.32,1.0
1507129767.11,1.0
1507129767.34,1.0
1507129767.44,1.0
1507129768.95,1.0
1507129769.14,1.0
1507129769.77,1.0
1507129770.27,1.0
1507129770.42,1.0
1507129770.67,1.0
1507129770.87,1.0
1507129771.31,1.0
1507129771.57,1.0
1507129771.87,1.0
1507129771.98,1.0
1507129772.26,1.0
1507129772.6,1.0
1507129773.24,1.0
1507129773.39,1.0
1507129773.56,1.0
1507129775.59,1.0
1507129775.75,1.0
1507129778.89,1.0
1507129779.19,1.0
1507129779.37,1.0
1507129780.44,1.0
1507129780.61,1.0
1507129786.05,1.0
1507129786.29,1.0
1507129802.92,1.0
1507129803.2,1.0
1507129803.51,1.0
1507129803.72,1.0
1507129806.27,1.0
1507129806.46,1.0
1507129814.71,1.0
1507129814.74,1.0
1507129815.14,1.0
1507129815.52,1.0
1507129815.86,1.0
1507129815.87,1.0
1507129816.0,1.0
1507129816.31,1.0
1507129816.49,1.0
1507129822.45,1.0
1507129822.47,1.0
1507129822.52,1.0
1507129822.72,1.0
1507129823.2,1.0
1507129823.42,1.0
1507129823.44,1.0
1507129823.57,1.0
1507129823.77,1.0
1507129824.16,1.0
1507129824.41,1.0
1507129824.97,1.0
1507129825.2,1.0
1507129825.21,1.0
1507129825.32,1.0
1507129825.49,1.0
1507129825.76,1.0
1507129825.79,1.0
1507129825.99,1.0
1507129826.19,1.0
1507129834.11,1.0
1507129834.26,1.0
1507129834.69,1.0
1507129834.92,1.0
1507129834.94,1.0
1507129835.01,1.0
1507129835.56,1.0
1507129835.77,1.0
1507129836.04,1.0
1507129836.47,1.0
1507129836.9,1.0
1507129837.12,1.0
1507129837.35,1.0
1507129837.81,1.0
1507129838.06,1.0
1507129838.3,1.0
1507129838.31,1.0
1507129838.37,1.0
1507129838.74,1.0
1507129838.92,1.0
1507129841.71,1.0
1507129841.92,1.0
1507129843.26,1.0
1507129843.44,1.0
1507129862.89,1.0
1507129862.92,1.0
1507129863.12,1.0
1507129863.3,1.0
1507129863.4,1.0
1507129863.84,1.0
1507129864.06,1.0
1507129865.49,1.0
1507129865.84,1.0
1507129866.6,1.0
1507129866.77,1.0
1507129866.79,1.0
1507129866.87,1.0
1507129867.06,1.0
1507129867.21,1.0
1507129867.46,1.0
1507129867.5,1.0
1507129867.54,1.0
1507129867.57,1.0
1507129867.6,1.0
1507129867.64,1.0
1507129867.67,1.0
1507129867.71,1.0
1507129867.74,1.0
1507129867.78,1.0
1507129867.81,1.0
1507129867.85,1.0
1507129867.88,1.0
1507129867.92,1.0
1507129867.95,1.0
1507129868.29,1.0
1507129868.75,1.0
1507129869.14,1.0
1507129869.41,1.0
1507129869.66,1.0
1507129869.7,1.0
1507129869.73,1.0
1507129869.77,1.0
1507129869.8,1.0
1507129869.83,1.0
1507129870.2,1.0
1507129870.39,1.0
1507129870.65,1.0
1507129870.82,1.0
1507129871.01,1.0
1507129871.21,1.0
1507129871.39,1.0
1507129871.55,1.0
1507129871.64,1.0
1507129871.89,1.0
1507129871.93,1.0
1507129871.96,1.0
1507129872.0,1.0
1507129873.29,1.0
1507129873.44,1.0
1507129873.8,1.0
1507129874.1,1.0
1507129875.2,1.0
1507129875.41,1.0
1507129875.99,1.0
1507129876.55,1.0
1507129877.36,1.0
1507129877.62,1.0
1507129877.96,1.0
1507129878.1,1.0
1507129878.3,1.0
1507129878.49,1.0
1507129878.57,1.0
1507129878.94,1.0
1507129879.25,1.0
1507129879.91,1.0
1507129880.21,1.0
1507129880.79,1.0
1507129880.8,1.0
1507129880.86,1.0
1507129881.45,1.0
1507129881.67,1.0
1507129881.72,1.0
1507129881.81,1.0
1507129882.04,1.0
1507129882.2,1.0
1507129882.45,1.0
1507129882.49,1.0
1507129882.52,1.0
1507129882.56,1.0
1507129882.6,1.0
1507129882.63,1.0
1507129882.66,1.0
1507129882.7,1.0
1507129882.74,1.0
1507129882.77,1.0
1507129882.81,1.0
1507129882.84,1.0
1507129882.88,1.0
1507129883.06,1.0
1507129883.45,1.0
1507129883.52,1.0
1507129883.96,1.0
1507129884.21,1.0
1507129884.25,1.0
1507129884.28,1.0
1507129884.31,1.0
1507129884.35,1.0
1507129884.72,1.0
1507129885.06,1.0
1507129885.12,1.0
1507129885.29,1.0
1507129885.46,1.0
1507129885.62,1.0
1507129885.8,1.0
1507129886.51,1.0
1507129886.8,1.0
1507129887.02,1.0
1507129887.1,1.0
1507129887.11,1.0
1507129887.94,1.0
1507129888.2,1.0
1507129890.57,1.0
1507129890.79,1.0
1507129900.12,1.0
1507129900.39,1.0
1507129900.59,1.0
1507129901.09,1.0
1507129901.17,1.0
1507129901.89,1.0
1507129902.1,1.0
1507129904.75,1.0
1507129905.04,1.0
1507129905.24,1.0
1507129905.86,1.0
1507129906.72,1.0
1507129906.87,1.0
1507129907.01,1.0
1507129908.52,1.0
1507129908.7,1.0
1507129913.77,1.0
1507129914.07,1.0
1507129914.19,1.0
1507129914.39,1.0
1507129914.87,1.0
1507129914.97,1.0
1507129916.27,1.0
1507129916.45,1.0
1507129917.01,1.0
1507129917.3,1.0
1507129917.56,1.0
1507129917.7,1.0
1507129917.72,1.0
1507129917.79,1.0
1507129917.99,1.0
1507129918.4,1.0
1507129919.22,1.0
1507129919.41,1.0
1507129919.99,1.0
1507129920.79,1.0
1507129921.06,1.0
1507129921.22,1.0
1507129921.34,1.0
1507129921.45,1.0
1507129921.62,1.0
1507129922.02,1.0
1507129922.26,1.0
1507129922.37,1.0
1507129922.49,1.0
1507129922.66,1.0
1507129922.74,1.0
1507129922.86,1.0
1507129923.05,1.0
1507129923.35,1.0
1507129923.47,1.0
1507129923.66,1.0
1507129923.81,1.0
1507129924.04,1.0
1507129924.67,1.0
1507129925.17,1.0
1507129925.37,1.0
1507129925.55,1.0
1507129925.89,1.0
1507129926.06,1.0
1507129926.15,1.0
1507129926.34,1.0
1507129926.56,1.0
1507129926.64,1.0
1507129927.17,1.0
1507129927.55,1.0
1507129928.26,1.0
1507129928.47,1.0
1507129962.9,1.0
1507129962.92,1.0
1507129963.3,1.0
1507129964.06,1.0
1507129964.81,1.0
1507129964.97,1.0
1507129970.36,1.0
1507129970.62,1.0
1507129970.82,1.0
1507129971.3,1.0
1507129971.41,1.0
1507129971.76,1.0
1507129971.99,1.0
1507129974.51,1.0
1507129974.69,1.0
1507129974.71,1.0
1507129974.77,1.0
1507129975.14,1.0
1507129975.35,1.0
1507129975.36,1.0
1507129975.5,1.0
1507129975.81,1.0
1507129975.99,1.0
1507129976.76,1.0
1507129976.97,1.0
1507129978.11,1.0
1507129978.31,1.0
1507130014.62,1.0
1507130014.87,1.0
1507130015.07,1.0
1507130015.27,1.0
1507130015.74,1.0
1507130016.34,1.0
1507130016.67,1.0
1507130016.99,1.0
1507130017.24,1.0
1507130017.28,1.0
1507130017.31,1.0
1507130017.34,1.0
1507130017.38,1.0
1507130017.41,1.0
1507130017.45,1.0
1507130017.49,1.0
1507130017.74,1.0
1507130017.95,1.0
1507130018.17,1.0
1507130019.0,1.0
1507130019.09,1.0
1507130019.29,1.0
1507130019.49,1.0
1507130019.65,1.0
1507130019.84,1.0
1507130020.02,1.0
1507130020.21,1.0
1507130020.39,1.0
1507130020.57,1.0
1507130020.76,1.0
1507130020.95,1.0
1507130021.29,1.0
1507130021.37,1.0
1507130022.47,1.0
1507130023.22,1.0
1507130024.11,1.0
1507130024.3,1.0
1507130024.51,1.0
1507130025.06,1.0
1507130025.54,1.0
1507130025.56,1.0
1507130026.12,1.0
1507130026.61,1.0
1507130026.86,1.0
1507130026.9,1.0
1507130026.93,1.0
1507130026.97,1.0
1507130027.0,1.0
1507130027.04,1.0
1507130027.07,1.0
1507130027.11,1.0
1507130027.15,1.0
1507130027.18,1.0
1507130027.21,1.0
1507130027.25,1.0
1507130027.29,1.0
1507130027.49,1.0
1507130027.71,1.0
1507130027.96,1.0
1507130028.0,1.0
1507130028.04,1.0
1507130028.08,1.0
1507130028.11,1.0
1507130028.15,1.0
1507130028.19,1.0
1507130028.6,1.0
1507130028.82,1.0
1507130043.67,1.0
1507130045.0,1.0
1507130045.47,1.0
1507130046.04,1.0
1507130046.51,1.0
1507130048.14,1.0
1507130048.29,1.0
1507130048.44,1.0
1507130048.66,1.0
1507130049.42,1.0
1507130049.54,1.0
1507130049.75,1.0
1507130049.91,1.0
1507130050.66,1.0
1507130050.67,1.0
1507130050.74,1.0
1507130050.92,1.0
1507130051.25,1.0
1507130051.44,1.0
1507130051.61,1.0
1507130052.3,1.0
1507130054.25,1.0
1507130056.44,1.0
1507130056.64,1.0
1507130056.89,1.0
1507130057.17,1.0
1507130057.4,1.0
1507130057.6,1.0
1507130057.81,1.0
1507130058.41,1.0
1507130058.7,1.0
1507130059.42,1.0
1507130059.8,1.0
1507130060.49,1.0
1507130061.04,1.0
1507130061.19,1.0
1507130061.64,1.0
1507130061.87,1.0
1507130062.06,1.0
1507130062.24,1.0
1507130062.46,1.0
1507130062.47,1.0
1507130062.52,1.0
1507130062.71,1.0
1507130062.99,1.0
1507130064.26,1.0
1507130064.35,1.0
1507130064.49,1.0
1507130064.6,1.0
1507130064.79,1.0
1507130064.84,1.0
1507130064.95,1.0
1507130065.05,1.0
1507130065.25,1.0
1507130065.4,1.0
1507130065.46,1.0
1507130065.61,1.0
1507130066.29,1.0
1507130066.51,1.0
1507130066.67,1.0
1507130066.86,1.0
1507130067.22,1.0
1507130067.24,1.0
1507130067.42,1.0
1507130067.71,1.0
1507130089.84,1.0
1507130090.02,1.0
1507130090.21,1.0
1507130090.6,1.0
1507130090.72,1.0
1507130090.77,1.0
1507130099.54,1.0
1507130099.74,1.0
1507130106.6,1.0
1507130106.97,1.0
1507130106.99,1.0
1507130107.12,1.0
1507130107.3,1.0
1507130107.69,1.0
1507130109.5,1.0
1507130109.69,1.0
1507130110.0,1.0
1507130110.84,1.0
1507130111.02,1.0
1507130111.32,1.0
1507130111.51,1.0
1507130111.6,1.0
1507130111.8,1.0
1507130111.97,1.0
1507130112.15,1.0
1507130112.32,1.0
1507130113.06,1.0
1507130113.12,1.0
1507130113.25,1.0
1507130113.35,1.0
1507130113.54,1.0
1507130113.69,1.0
1507130113.71,1.0
1507130113.89,1.0
1507130114.49,1.0
1507130115.11,1.0
1507130115.3,1.0
1507130115.49,1.0
1507130116.05,1.0
1507130116.82,1.0
1507130117.81,1.0
1507130117.86,1.0
1507130118.01,1.0
1507130118.11,1.0
1507130118.32,1.0
1507130118.4,1.0
1507130118.51,1.0
1507130118.62,1.0
1507130118.82,1.0
1507130118.97,1.0
1507130119.0,1.0
1507130119.17,1.0
1507130119.35,1.0
1507130119.95,1.0
1507130120.2,1.0
1507130120.23,1.0
1507130120.37,1.0
1507130120.56,1.0
1507130120.94,1.0
1507130121.14,1.0
1507130121.32,1.0
1507130121.49,1.0
1507130121.75,1.0
1507130121.91,1.0
1507130121.97,1.0
1507130122.11,1.0
1507130122.34,1.0
1507130122.5,1.0
1507130122.65,1.0
1507130122.87,1.0
1507130123.47,1.0
1507130123.64,1.0
1507130123.81,1.0
1507130124.29,1.0
1507130124.54,1.0
1507130124.56,1.0
1507130124.61,1.0
1507130124.8,1.0
1507130124.94,1.0
1507130125.14,1.0
1507130125.35,1.0
1507130125.4,1.0
1507130125.59,1.0
1507130125.76,1.0
1507130125.94,1.0
1507130126.11,1.0
1507130126.29,1.0
1507130126.47,1.0
1507130126.65,1.0
1507130127.32,1.0
1507130127.51,1.0
1507130127.56,1.0
1507130127.71,1.0
1507130128.14,1.0
1507130128.5,1.0
1507130128.74,1.0
1507130128.81,1.0
1507130128.9,1.0
1507130129.55,1.0
1507130130.37,1.0
1507130130.64,1.0
1507130131.0,1.0
1507130131.31,1.0
1507130131.47,1.0
1507130132.07,1.0
1507130132.27,1.0
1507130132.47,1.0
1507130132.64,1.0
1507130132.9,1.0
1507130133.75,1.0
1507130134.24,1.0
1507130134.25,1.0
1507130134.39,1.0
1507130134.59,1.0
1507130134.81,1.0
1507130135.07,1.0
1507130135.1,1.0
1507130135.13,1.0
1507130135.17,1.0
1507130135.21,1.0
1507130135.24,1.0
1507130135.28,1.0
1507130142.62,1.0
1507130143.01,1.0
1507130143.02,1.0
1507130143.21,1.0
1507130143.8,1.0
1507130147.74,1.0
1507130147.9,1.0
1507130148.09,1.0
1507130148.42,1.0
1507130149.11,1.0
1507130149.72,1.0
1507130149.87,1.0
1507130150.39,1.0
1507130150.4,1.0
1507130150.47,1.0
1507130150.67,1.0
1507130151.4,1.0
1507130151.61,1.0
1507130152.31,1.0
1507130152.42,1.0
1507130152.51,1.0
1507130152.65,1.0
1507130152.8,1.0
1507130153.42,1.0
1507130154.04,1.0
1507130154.15,1.0
1507130154.22,1.0
1507130154.6,1.0
1507130154.86,1.0
1507130155.97,1.0
1507130156.77,1.0
1507130157.89,1.0
1507130158.04,1.0
1507130158.29,1.0
1507130158.5,1.0
1507130158.7,1.0
1507130158.87,1.0
1507130159.05,1.0
1507130159.25,1.0
1507130159.34,1.0
1507130159.52,1.0
1507130159.71,1.0
1507130159.89,1.0
1507130160.06,1.0
1507130160.71,1.0
1507130160.9,1.0
1507130161.12,1.0
1507130161.25,1.0
1507130161.31,1.0
1507130161.42,1.0
1507130162.11,1.0
1507130162.14,1.0
1507130162.25,1.0
1507130162.42,1.0
1507130162.64,1.0
1507130162.85,1.0
1507130163.31,1.0
1507130164.39,1.0
1507130164.64,1.0
1507130164.68,1.0
1507130164.71,1.0
1507130164.75,1.0
1507130164.79,1.0
1507130164.82,1.0
1507130165.19,1.0
1507130165.22,1.0
1507130165.44,1.0
1507130165.62,1.0
1507130165.8,1.0
1507130166.01,1.0
1507130166.21,1.0
1507130166.41,1.0
1507130166.79,1.0
1507130167.5,1.0
1507130168.35,1.0
1507130168.97,1.0
1507130169.05,1.0
1507130169.22,1.0
1507130169.4,1.0
1507130169.47,1.0
1507130169.97,1.0
1507130170.12,1.0
1507130170.35,1.0
1507130170.46,1.0
1507130170.57,1.0
1507130170.69,1.0
1507130171.25,1.0
1507130171.79,1.0
1507130172.04,1.0
1507130172.08,1.0
1507130172.11,1.0
1507130172.14,1.0
1507130172.18,1.0
1507130172.21,1.0
1507130172.25,1.0
1507130172.28,1.0
1507130172.57,1.0
1507130172.77,1.0
1507130172.91,1.0
1507130173.01,1.0
1507130173.2,1.0
1507130173.41,1.0
1507130173.77,1.0
1507130173.97,1.0
1507130174.46,1.0
1507130174.47,1.0
1507130174.56,1.0
1507130174.75,1.0
1507130174.89,1.0
1507130175.87,1.0
1507130176.87,1.0
1507130177.37,1.0
1507130178.0,1.0
1507130180.3,1.0
1507130180.92,1.0
1507130181.15,1.0
1507130181.84,1.0
1507130182.72,1.0
1507130182.91,1.0
1507130183.26,1.0
1507130184.42,1.0
1507130184.64,1.0
1507130184.82,1.0
1507130187.16,1.0
1507130230.02,1.0
1507130230.32,1.0
1507130232.17,1.0
1507130232.37,1.0
1507130232.56,1.0
1507130232.74,1.0
1507130232.9,1.0
1507130233.47,1.0
1507130233.96,1.0
1507130234.19,1.0
1507130234.34,1.0
1507130234.5,1.0
1507130234.72,1.0
1507130235.66,1.0
1507130236.05,1.0
1507130236.92,1.0
1507130237.11,1.0
1507130237.29,1.0
1507130237.47,1.0
1507130237.97,1.0
1507130238.45,1.0
1507130238.75,1.0
1507130239.02,1.0
1507130239.06,1.0
1507130239.26,1.0
1507130239.42,1.0
1507130239.59,1.0
1507130239.76,1.0
1507130239.99,1.0
1507130240.52,1.0
1507130240.59,1.0
1507130240.67,1.0
1507130241.0,1.0
1507130241.69,1.0
1507130241.91,1.0
1507130242.05,1.0
1507130242.19,1.0
1507130242.31,1.0
1507130242.47,1.0
1507130242.66,1.0
1507130243.2,1.0
1507130243.41,1.0
1507130244.0,1.0
1507130244.5,1.0
1507130245.36,1.0
1507130245.59,1.0
1507130245.8,1.0
1507130245.97,1.0
1507130246.17,1.0
1507130246.36,1.0
1507130247.0,1.0
1507130247.22,1.0
1507130247.41,1.0
1507130247.59,1.0
1507130247.92,1.0
1507130248.2,1.0
1507130248.6,1.0
1507130248.85,1.0
1507130248.89,1.0
1507130248.92,1.0
1507130248.96,1.0
1507130248.99,1.0
1507130249.03,1.0
1507130249.06,1.0
1507130249.09,1.0
1507130249.13,1.0
1507130249.16,1.0
1507130249.2,1.0
1507130249.23,1.0
1507130249.26,1.0
1507130249.3,1.0
1507130249.34,1.0
1507130249.37,1.0
1507130249.4,1.0
1507130249.44,1.0
1507130249.47,1.0
1507130249.51,1.0
1507130249.54,1.0
1507130249.58,1.0
1507130249.61,1.0
1507130249.65,1.0
1507130249.68,1.0
1507130249.72,1.0
1507130249.75,1.0
1507130249.79,1.0
1507130249.82,1.0
1507130249.86,1.0
1507130249.89,1.0
1507130249.92,1.0
1507130249.96,1.0
1507130249.99,1.0
1507130250.11,1.0
1507130250.37,1.0
1507130250.4,1.0
1507130250.44,1.0
1507130250.48,1.0
1507130250.52,1.0
1507130250.55,1.0
1507130250.58,1.0
1507130250.62,1.0
1507130250.66,1.0
1507130250.69,1.0
1507130250.73,1.0
1507130250.76,1.0
1507130250.8,1.0
1507130250.84,1.0
1507130250.88,1.0
1507130250.91,1.0
1507130250.95,1.0
1507130250.99,1.0
1507130251.02,1.0
1507130251.06,1.0
1507130251.39,1.0
1507130251.6,1.0
1507130251.81,1.0
1507130252.02,1.0
1507130252.29,1.0
1507130252.52,1.0
1507130252.71,1.0
1507130252.89,1.0
1507130253.22,1.0
1507130253.49,1.0
1507130253.8,1.0
1507130253.85,1.0
1507130254.05,1.0
1507130254.25,1.0
1507130254.44,1.0
1507130254.61,1.0
1507130254.8,1.0
1507130255.09,1.0
1507130255.52,1.0
1507130255.62,1.0
1507130256.1,1.0
1507130256.31,1.0
1507130256.76,1.0
1507130257.49,1.0
1507130257.62,1.0
1507130257.87,1.0
1507130258.02,1.0
1507130258.21,1.0
1507130258.3,1.0
1507130258.7,1.0
1507130258.95,1.0
1507130259.14,1.0
1507130259.54,1.0
1507130259.76,1.0
1507130260.89,1.0
1507130261.07,1.0
1507130261.62,1.0
1507130261.81,1.0
1507130263.02,1.0
1507130313.27,1.0
1507130313.94,1.0
1507130314.12,1.0
1507130314.2,1.0
1507130314.27,1.0
1507130314.5,1.0
1507130315.25,1.0
1507130315.26,1.0
1507130315.42,1.0
1507130315.96,1.0
1507130318.89,1.0
1507130319.05,1.0
1507130319.35,1.0
1507130319.64,1.0
1507130319.86,1.0
1507130320.1,1.0
1507130320.32,1.0
1507130320.55,1.0
1507130320.74,1.0
1507130321.21,1.0
1507130321.47,1.0
1507130321.69,1.0
1507130321.9,1.0
1507130322.15,1.0
1507130322.42,1.0
1507130322.67,1.0
1507130322.94,1.0
1507130323.19,1.0
1507130323.42,1.0
1507130323.69,1.0
1507130323.89,1.0
1507130324.1,1.0
1507130324.36,1.0
1507130324.66,1.0
1507130324.94,1.0
1507130325.31,1.0
1507130325.61,1.0
1507130325.82,1.0
1507130326.05,1.0
1507130326.27,1.0
1507130326.47,1.0
1507130326.67,1.0
1507130326.86,1.0
1507130327.07,1.0
1507130327.31,1.0
1507130327.52,1.0
1507130327.75,1.0
1507130327.99,1.0
1507130328.22,1.0
1507130328.44,1.0
1507130328.9,1.0
1507130329.14,1.0
1507130329.36,1.0
1507130329.59,1.0
1507130329.82,1.0
1507130330.05,1.0
1507130330.27,1.0
1507130330.51,1.0
1507130330.72,1.0
1507130330.94,1.0
1507130331.16,1.0
1507130331.37,1.0
1507130331.61,1.0
1507130331.82,1.0
1507130332.05,1.0
1507130332.26,1.0
1507130332.47,1.0
1507130332.7,1.0
1507130332.94,1.0
1507130333.17,1.0
1507130333.37,1.0
1507130333.61,1.0
1507130333.85,1.0
1507130334.1,1.0
1507130334.31,1.0
1507130334.66,1.0
1507130334.9,1.0
1507130335.16,1.0
1507130335.39,1.0
1507130335.61,1.0
1507130335.8,1.0
1507130336.02,1.0
1507130336.24,1.0
1507130337.9,1.0
1507130338.2,1.0
1507130340.09,1.0
1507130340.47,1.0
1507130342.1,1.0
1507130342.44,1.0
1507130342.45,1.0
1507130342.6,1.0
1507130342.9,1.0
1507130343.11,1.0
1507130355.75,1.0
1507130356.61,1.0
1507130357.1,1.0
1507130357.82,1.0
1507130357.84,1.0
1507130357.91,1.0
1507130358.11,1.0
1507130358.31,1.0
1507130358.34,1.0
1507130358.67,1.0
1507130374.57,1.0
1507130374.81,1.0
1507130376.46,1.0
1507130376.74,1.0
1507130422.74,1.0
1507130422.92,1.0
1507130423.07,1.0
1507130423.25,1.0
1507130423.41,1.0
1507130423.59,1.0
1507130423.76,1.0
1507130423.94,1.0
1507130424.26,1.0
1507130424.44,1.0
1507130424.6,1.0
1507130425.4,1.0
1507130425.76,1.0
1507130426.51,1.0
1507130426.71,1.0
1507130426.96,1.0
1507130427.09,1.0
1507130427.26,1.0
1507130427.36,1.0
1507130428.17,1.0
1507130428.54,1.0
1507130430.41,1.0
1507130431.97,1.0
1507130432.06,1.0
1507130432.19,1.0
1507130432.4,1.0
1507130432.71,1.0
1507130433.09,1.0
1507130434.11,1.0
1507130434.31,1.0
1507130435.47,1.0
1507130435.73,1.0
1507130435.76,1.0
1507130435.8,1.0
1507130435.84,1.0
1507130435.87,1.0
1507130435.91,1.0
1507130435.94,1.0
1507130435.98,1.0
1507130436.02,1.0
1507130436.06,1.0
1507130436.41,1.0
1507130436.47,1.0
1507130436.72,1.0
1507130436.76,1.0
1507130436.8,1.0
1507130436.83,1.0
1507130436.87,1.0
1507130436.9,1.0
1507130436.94,1.0
1507130436.97,1.0
1507130437.01,1.0
1507130437.04,1.0
1507130437.08,1.0
1507130437.45,1.0
1507130438.05,1.0
1507130438.32,1.0
1507130479.92,1.0
1507130480.77,1.0
1507130484.07,1.0
1507130484.27,1.0
1507130484.67,1.0
1507130484.91,1.0
1507130484.92,1.0
1507130485.01,1.0
1507130487.91,1.0
1507130488.41,1.0
1507131607.69,1.0
1507131607.85,1.0
1507131610.04,1.0
1507131610.69,1.0
1507131610.84,1.0
1507131617.44,1.0
1507131617.57,1.0
1507131617.59,1.0
1507131617.67,1.0
1507131617.89,1.0
1507131618.79,1.0
1507131618.99,1.0
1507131619.55,1.0
1507131619.75,1.0
1507131620.51,1.0
1507131620.52,1.0
1507131620.62,1.0
1507131620.84,1.0
1507131621.62,1.0
1507131622.05,1.0
1507131622.06,1.0
1507131622.16,1.0
1507131622.36,1.0
1507131623.09,1.0
1507131623.1,1.0
1507131623.14,1.0
1507131623.71,1.0
1507131624.32,1.0
1507131624.82,1.0
1507131625.87,1.0
1507131625.89,1.0
1507131626.04,1.0
1507131626.24,1.0
1507131626.5,1.0
1507131626.51,1.0
1507131626.67,1.0
1507131627.29,1.0
1507131627.67,1.0
1507131628.27,1.0
1507131628.54,1.0
1507131628.55,1.0
1507131628.69,1.0
1507131629.14,1.0
1507131629.32,1.0
1507131629.33,1.0
1507131629.42,1.0
1507131629.86,1.0
1507131630.19,1.0
1507131630.2,1.0
1507131630.32,1.0
1507131630.61,1.0
1507131630.79,1.0
1507131631.2,1.0
1507131631.42,1.0
1507131635.1,1.0
1507131635.39,1.0
1507131635.67,1.0
1507131636.35,1.0
1507131636.5,1.0
1507131638.39,1.0
1507131638.59,1.0
1507131647.44,1.0
1507131647.72,1.0
1507131647.92,1.0
1507131648.5,1.0
1507131648.69,1.0
1507131650.69,1.0
1507131650.9,1.0
1507131662.6,1.0
1507131663.11,1.0
1507131665.0,1.0
1507131665.21,1.0
1507131665.56,1.0
1507131666.65,1.0
1507131667.25,1.0
1507131667.39,1.0
1507131668.1,1.0
1507131668.69,1.0
1507131669.81,1.0
1507131670.01,1.0
1507131670.29,1.0
1507131670.6,1.0
1507131671.44,1.0
1507131673.21,1.0
1507131679.82,1.0
1507131680.0,1.0
1507131681.31,1.0
1507131681.47,1.0
1507131709.75,1.0
1507131713.59,1.0
1507131713.81,1.0
1507131722.82,1.0
1507131723.02,1.0
1507131729.1,1.0
1507131729.32,1.0
1507131729.45,1.0
1507131729.55,1.0
1507131813.55,1.0
1507131813.82,1.0
1507131873.82,1.0
1507131873.95,1.0
1507131874.07,1.0
1507131874.3,1.0
1507131874.59,1.0
1507131969.95,1.0
1507131970.09,1.0
1507132206.07,1.0
1507132206.24,1.0
